<msg time='2019-07-28T15:27:27.224-04:00' org_id='oracle' comp_id='rdbms'
 msg_id='dbgripsto_sweep_staged_obj:16254:1358089281' type='UNKNOWN' group='ami_comp'
 level='16' host_id='tcnypbnrduva01' host_addr='172.31.251.144'
 pid='92313' version='1'>
 <txt>ADR sweep of inc 1366265 completed
 </txt>
</msg>
<msg time='2019-07-28T15:27:27.235-04:00' org_id='oracle' comp_id='rdbms'
 msg_id='dbgripsto_sweep_staged_obj:16254:1358089281' type='UNKNOWN' group='ami_comp'
 level='16' host_id='tcnypbnrduva01' host_addr='172.31.251.144'
 pid='92313'>
 <txt>ADR sweep of inc2 1366265 completed
 </txt>
</msg>
<msg time='2019-07-28T15:27:59.544-04:00' org_id='oracle' comp_id='rdbms'
 msg_id='dbgripsto_sweep_staged_obj:16254:1358089281' type='UNKNOWN' group='ami_comp'
 level='16' host_id='tcnypbnrduva01' host_addr='172.31.251.144'
 pid='92423'>
 <txt>ADR sweep of inc 1365857 completed
 </txt>
</msg>
<msg time='2019-07-28T15:27:59.551-04:00' org_id='oracle' comp_id='rdbms'
 msg_id='dbgripsto_sweep_staged_obj:16254:1358089281' type='UNKNOWN' group='ami_comp'
 level='16' host_id='tcnypbnrduva01' host_addr='172.31.251.144'
 pid='92423'>
 <txt>ADR sweep of inc2 1365857 completed
 </txt>
</msg>
<msg time='2019-07-28T15:28:10.905-04:00' org_id='oracle' comp_id='rdbms'
 msg_id='dbgripsto_sweep_staged_obj:16254:1358089281' type='UNKNOWN' group='ami_comp'
 level='16' host_id='tcnypbnrduva01' host_addr='172.31.251.144'
 pid='92436'>
 <txt>ADR sweep of inc 1365858 completed
 </txt>
</msg>
<msg time='2019-07-28T15:28:10.912-04:00' org_id='oracle' comp_id='rdbms'
 msg_id='dbgripsto_sweep_staged_obj:16254:1358089281' type='UNKNOWN' group='ami_comp'
 level='16' host_id='tcnypbnrduva01' host_addr='172.31.251.144'
 pid='92436'>
 <txt>ADR sweep of inc2 1365858 completed
 </txt>
</msg>
<msg time='2019-07-28T15:28:16.156-04:00' org_id='oracle' comp_id='rdbms'
 msg_id='dbgripsto_sweep_staged_obj:16254:1358089281' type='UNKNOWN' group='ami_comp'
 level='16' host_id='tcnypbnrduva01' host_addr='172.31.251.144'
 pid='92494'>
 <txt>ADR sweep of inc 1365859 completed
 </txt>
</msg>
<msg time='2019-07-28T15:28:16.165-04:00' org_id='oracle' comp_id='rdbms'
 msg_id='dbgripsto_sweep_staged_obj:16254:1358089281' type='UNKNOWN' group='ami_comp'
 level='16' host_id='tcnypbnrduva01' host_addr='172.31.251.144'
 pid='92494'>
 <txt>ADR sweep of inc2 1365859 completed
 </txt>
</msg>
<msg time='2019-07-28T16:30:10.674-04:00' org_id='oracle' comp_id='rdbms'
 msg_id='dbgripsto_sweep_staged_obj:16254:1358089281' type='UNKNOWN' group='ami_comp'
 level='16' host_id='tcnypbnrduva01' host_addr='172.31.251.144'
 pid='105503'>
 <txt>ADR sweep of inc 1367025 completed
 </txt>
</msg>
<msg time='2019-07-28T16:30:10.682-04:00' org_id='oracle' comp_id='rdbms'
 msg_id='dbgripsto_sweep_staged_obj:16254:1358089281' type='UNKNOWN' group='ami_comp'
 level='16' host_id='tcnypbnrduva01' host_addr='172.31.251.144'
 pid='105503'>
 <txt>ADR sweep of inc2 1367025 completed
 </txt>
</msg>
<msg time='2019-07-28T16:35:42.689-04:00' org_id='oracle' comp_id='rdbms'
 msg_id='dbgripsto_sweep_staged_obj:16254:1358089281' type='UNKNOWN' group='ami_comp'
 level='16' host_id='tcnypbnrduva01' host_addr='172.31.251.144'
 pid='106645'>
 <txt>ADR sweep of inc 1367009 completed
 </txt>
</msg>
<msg time='2019-07-28T16:35:42.696-04:00' org_id='oracle' comp_id='rdbms'
 msg_id='dbgripsto_sweep_staged_obj:16254:1358089281' type='UNKNOWN' group='ami_comp'
 level='16' host_id='tcnypbnrduva01' host_addr='172.31.251.144'
 pid='106645'>
 <txt>ADR sweep of inc2 1367009 completed
 </txt>
</msg>
<msg time='2019-07-28T16:35:51.617-04:00' org_id='oracle' comp_id='rdbms'
 msg_id='dbgripsto_sweep_staged_obj:16254:1358089281' type='UNKNOWN' group='ami_comp'
 level='16' host_id='tcnypbnrduva01' host_addr='172.31.251.144'
 pid='106658'>
 <txt>ADR sweep of inc 1367010 completed
 </txt>
</msg>
<msg time='2019-07-28T16:35:51.626-04:00' org_id='oracle' comp_id='rdbms'
 msg_id='dbgripsto_sweep_staged_obj:16254:1358089281' type='UNKNOWN' group='ami_comp'
 level='16' host_id='tcnypbnrduva01' host_addr='172.31.251.144'
 pid='106658'>
 <txt>ADR sweep of inc2 1367010 completed
 </txt>
</msg>
<msg time='2019-07-28T16:51:39.921-04:00' org_id='oracle' comp_id='rdbms'
 msg_id='dbgripsto_sweep_staged_obj:16254:1358089281' type='UNKNOWN' group='ami_comp'
 level='16' host_id='tcnypbnrduva01' host_addr='172.31.251.144'
 pid='109954'>
 <txt>ADR sweep of inc 1366433 completed
 </txt>
</msg>
<msg time='2019-07-28T16:51:39.930-04:00' org_id='oracle' comp_id='rdbms'
 msg_id='dbgripsto_sweep_staged_obj:16254:1358089281' type='UNKNOWN' group='ami_comp'
 level='16' host_id='tcnypbnrduva01' host_addr='172.31.251.144'
 pid='109954'>
 <txt>ADR sweep of inc2 1366433 completed
 </txt>
</msg>
<msg time='2019-07-28T16:51:45.734-04:00' org_id='oracle' comp_id='rdbms'
 msg_id='dbgripsto_sweep_staged_obj:16254:1358089281' type='UNKNOWN' group='ami_comp'
 level='16' host_id='tcnypbnrduva01' host_addr='172.31.251.144'
 pid='109967'>
 <txt>ADR sweep of inc 1366434 completed
 </txt>
</msg>
<msg time='2019-07-28T16:51:45.745-04:00' org_id='oracle' comp_id='rdbms'
 msg_id='dbgripsto_sweep_staged_obj:16254:1358089281' type='UNKNOWN' group='ami_comp'
 level='16' host_id='tcnypbnrduva01' host_addr='172.31.251.144'
 pid='109967'>
 <txt>ADR sweep of inc2 1366434 completed
 </txt>
</msg>
<msg time='2019-07-29T10:02:34.084-04:00' org_id='oracle' comp_id='rdbms'
 msg_id='dbgripsto_sweep_staged_obj:16254:1358089281' type='UNKNOWN' group='ami_comp'
 level='16' host_id='tcnypbnrduva01' host_addr='172.31.251.144'
 pid='72006'>
 <txt>ADR sweep of inc 1367745 completed
 </txt>
</msg>
<msg time='2019-07-29T10:02:34.097-04:00' org_id='oracle' comp_id='rdbms'
 msg_id='dbgripsto_sweep_staged_obj:16254:1358089281' type='UNKNOWN' group='ami_comp'
 level='16' host_id='tcnypbnrduva01' host_addr='172.31.251.144'
 pid='72006'>
 <txt>ADR sweep of inc2 1367745 completed
 </txt>
</msg>
<msg time='2019-07-29T10:02:47.129-04:00' org_id='oracle' comp_id='rdbms'
 msg_id='dbgripsto_sweep_staged_obj:16254:1358089281' type='UNKNOWN' group='ami_comp'
 level='16' host_id='tcnypbnrduva01' host_addr='172.31.251.144'
 pid='72086'>
 <txt>ADR sweep of inc 1367746 completed
 </txt>
</msg>
<msg time='2019-07-29T10:02:47.183-04:00' org_id='oracle' comp_id='rdbms'
 msg_id='dbgripsto_sweep_staged_obj:16254:1358089281' type='UNKNOWN' group='ami_comp'
 level='16' host_id='tcnypbnrduva01' host_addr='172.31.251.144'
 pid='72086'>
 <txt>ADR sweep of inc2 1367746 completed
 </txt>
</msg>
<msg time='2019-07-29T10:03:01.050-04:00' org_id='oracle' comp_id='rdbms'
 msg_id='dbgripsto_sweep_staged_obj:16254:1358089281' type='UNKNOWN' group='ami_comp'
 level='16' host_id='tcnypbnrduva01' host_addr='172.31.251.144'
 pid='72179'>
 <txt>ADR sweep of inc 1370337 completed
 </txt>
</msg>
<msg time='2019-07-29T10:03:01.059-04:00' org_id='oracle' comp_id='rdbms'
 msg_id='dbgripsto_sweep_staged_obj:16254:1358089281' type='UNKNOWN' group='ami_comp'
 level='16' host_id='tcnypbnrduva01' host_addr='172.31.251.144'
 pid='72179'>
 <txt>ADR sweep of inc2 1370337 completed
 </txt>
</msg>
<msg time='2019-07-29T10:03:06.596-04:00' org_id='oracle' comp_id='rdbms'
 msg_id='dbgripsto_sweep_staged_obj:16254:1358089281' type='UNKNOWN' group='ami_comp'
 level='16' host_id='tcnypbnrduva01' host_addr='172.31.251.144'
 pid='72185'>
 <txt>ADR sweep of inc 1370338 completed
 </txt>
</msg>
<msg time='2019-07-29T10:03:06.646-04:00' org_id='oracle' comp_id='rdbms'
 msg_id='dbgripsto_sweep_staged_obj:16254:1358089281' type='UNKNOWN' group='ami_comp'
 level='16' host_id='tcnypbnrduva01' host_addr='172.31.251.144'
 pid='72185'>
 <txt>ADR sweep of inc2 1370338 completed
 </txt>
</msg>
<msg time='2019-07-29T16:30:12.776-04:00' org_id='oracle' comp_id='rdbms'
 msg_id='dbgripsto_sweep_staged_obj:16254:1358089281' type='UNKNOWN' group='ami_comp'
 level='16' host_id='tcnypbnrduva01' host_addr='172.31.251.144'
 pid='42373'>
 <txt>ADR sweep of inc 1373281 completed
 </txt>
</msg>
<msg time='2019-07-29T16:30:12.790-04:00' org_id='oracle' comp_id='rdbms'
 msg_id='dbgripsto_sweep_staged_obj:16254:1358089281' type='UNKNOWN' group='ami_comp'
 level='16' host_id='tcnypbnrduva01' host_addr='172.31.251.144'
 pid='42373'>
 <txt>ADR sweep of inc2 1373281 completed
 </txt>
</msg>
<msg time='2019-07-29T16:32:53.895-04:00' org_id='oracle' comp_id='rdbms'
 msg_id='dbgripsto_sweep_staged_obj:16254:1358089281' type='UNKNOWN' group='ami_comp'
 level='16' host_id='tcnypbnrduva01' host_addr='172.31.251.144'
 pid='43122'>
 <txt>ADR sweep of inc 1373057 completed
 </txt>
</msg>
<msg time='2019-07-29T16:32:53.903-04:00' org_id='oracle' comp_id='rdbms'
 msg_id='dbgripsto_sweep_staged_obj:16254:1358089281' type='UNKNOWN' group='ami_comp'
 level='16' host_id='tcnypbnrduva01' host_addr='172.31.251.144'
 pid='43122'>
 <txt>ADR sweep of inc2 1373057 completed
 </txt>
</msg>
<msg time='2019-07-29T16:32:54.735-04:00' org_id='oracle' comp_id='rdbms'
 msg_id='dbgripsto_sweep_staged_obj:16254:1358089281' type='UNKNOWN' group='ami_comp'
 level='16' host_id='tcnypbnrduva01' host_addr='172.31.251.144'
 pid='43128'>
 <txt>ADR sweep of inc 1369161 completed
 </txt>
</msg>
<msg time='2019-07-29T16:32:56.508-04:00' org_id='oracle' comp_id='rdbms'
 msg_id='dbgripsto_sweep_staged_obj:16254:1358089281' type='UNKNOWN' group='ami_comp'
 level='16' host_id='tcnypbnrduva01' host_addr='172.31.251.144'
 pid='43134'>
 <txt>ADR sweep of inc2 1369161 completed
 </txt>
</msg>
<msg time='2019-07-29T16:33:06.213-04:00' org_id='oracle' comp_id='rdbms'
 msg_id='dbgripsto_sweep_staged_obj:16254:1358089281' type='UNKNOWN' group='ami_comp'
 level='16' host_id='tcnypbnrduva01' host_addr='172.31.251.144'
 pid='43173'>
 <txt>ADR sweep of inc 1367185 completed
 </txt>
</msg>
<msg time='2019-07-29T16:33:06.220-04:00' org_id='oracle' comp_id='rdbms'
 msg_id='dbgripsto_sweep_staged_obj:16254:1358089281' type='UNKNOWN' group='ami_comp'
 level='16' host_id='tcnypbnrduva01' host_addr='172.31.251.144'
 pid='43173'>
 <txt>ADR sweep of inc2 1367185 completed
 </txt>
</msg>
<msg time='2019-07-29T16:33:11.330-04:00' org_id='oracle' comp_id='rdbms'
 msg_id='dbgripsto_sweep_staged_obj:16254:1358089281' type='UNKNOWN' group='ami_comp'
 level='16' host_id='tcnypbnrduva01' host_addr='172.31.251.144'
 pid='43188'>
 <txt>ADR sweep of inc 1367186 completed
 </txt>
</msg>
<msg time='2019-07-29T16:33:11.338-04:00' org_id='oracle' comp_id='rdbms'
 msg_id='dbgripsto_sweep_staged_obj:16254:1358089281' type='UNKNOWN' group='ami_comp'
 level='16' host_id='tcnypbnrduva01' host_addr='172.31.251.144'
 pid='43188'>
 <txt>ADR sweep of inc2 1367186 completed
 </txt>
</msg>
<msg time='2019-07-29T16:38:52.358-04:00' org_id='oracle' comp_id='rdbms'
 msg_id='dbgripsto_sweep_staged_obj:16254:1358089281' type='UNKNOWN' group='ami_comp'
 level='16' host_id='tcnypbnrduva01' host_addr='172.31.251.144'
 pid='44624'>
 <txt>ADR sweep of inc 1373369 completed
 </txt>
</msg>
<msg time='2019-07-29T16:39:52.438-04:00' org_id='oracle' comp_id='rdbms'
 msg_id='dbgripsto_sweep_staged_obj:16254:1358089281' type='UNKNOWN' group='ami_comp'
 level='16' host_id='tcnypbnrduva01' host_addr='172.31.251.144'
 pid='44873'>
 <txt>ADR sweep of inc 1371769 completed
 </txt>
</msg>
<msg time='2019-07-29T17:36:56.468-04:00' org_id='oracle' comp_id='rdbms'
 msg_id='dbgripsto_sweep_staged_obj:16254:1358089281' type='UNKNOWN' group='ami_comp'
 level='16' host_id='tcnypbnrduva01' host_addr='172.31.251.144'
 pid='58106'>
 <txt>ADR sweep of inc 1368161 completed
 </txt>
</msg>
<msg time='2019-07-29T17:36:56.477-04:00' org_id='oracle' comp_id='rdbms'
 msg_id='dbgripsto_sweep_staged_obj:16254:1358089281' type='UNKNOWN' group='ami_comp'
 level='16' host_id='tcnypbnrduva01' host_addr='172.31.251.144'
 pid='58106'>
 <txt>ADR sweep of inc2 1368161 completed
 </txt>
</msg>
<msg time='2019-07-29T17:37:02.205-04:00' org_id='oracle' comp_id='rdbms'
 msg_id='dbgripsto_sweep_staged_obj:16254:1358089281' type='UNKNOWN' group='ami_comp'
 level='16' host_id='tcnypbnrduva01' host_addr='172.31.251.144'
 pid='58142'>
 <txt>ADR sweep of inc 1370441 completed
 </txt>
</msg>
<msg time='2019-07-29T17:37:02.212-04:00' org_id='oracle' comp_id='rdbms'
 msg_id='dbgripsto_sweep_staged_obj:16254:1358089281' type='UNKNOWN' group='ami_comp'
 level='16' host_id='tcnypbnrduva01' host_addr='172.31.251.144'
 pid='58142'>
 <txt>ADR sweep of inc2 1370441 completed
 </txt>
</msg>
<msg time='2019-07-29T17:37:12.241-04:00' org_id='oracle' comp_id='rdbms'
 msg_id='dbgripsto_sweep_staged_obj:16254:1358089281' type='UNKNOWN' group='ami_comp'
 level='16' host_id='tcnypbnrduva01' host_addr='172.31.251.144'
 pid='58177'>
 <txt>ADR sweep of inc 1368162 completed
 </txt>
</msg>
<msg time='2019-07-29T17:37:12.248-04:00' org_id='oracle' comp_id='rdbms'
 msg_id='dbgripsto_sweep_staged_obj:16254:1358089281' type='UNKNOWN' group='ami_comp'
 level='16' host_id='tcnypbnrduva01' host_addr='172.31.251.144'
 pid='58177'>
 <txt>ADR sweep of inc2 1368162 completed
 </txt>
</msg>
<msg time='2019-07-29T17:37:18.185-04:00' org_id='oracle' comp_id='rdbms'
 msg_id='dbgripsto_sweep_staged_obj:16254:1358089281' type='UNKNOWN' group='ami_comp'
 level='16' host_id='tcnypbnrduva01' host_addr='172.31.251.144'
 pid='58188'>
 <txt>ADR sweep of inc 1368163 completed
 </txt>
</msg>
<msg time='2019-07-29T17:37:18.192-04:00' org_id='oracle' comp_id='rdbms'
 msg_id='dbgripsto_sweep_staged_obj:16254:1358089281' type='UNKNOWN' group='ami_comp'
 level='16' host_id='tcnypbnrduva01' host_addr='172.31.251.144'
 pid='58188'>
 <txt>ADR sweep of inc2 1368163 completed
 </txt>
</msg>
