<?xml version="1.0" encoding="UTF-8" standalone="no"?>
<oneoff_inventory>
    <opack_version version="14.1.0.1.7"/>
    <patch_description>WLS PATCH SET UPDATE 12.2.1.3.190416</patch_description>
    <patch_id number="29016089"/>
    <minimum_opatch_version>13.9.4.0.0</minimum_opatch_version>
    <unique_patch_id>22640288</unique_patch_id>
    <cannot_autorollback>false</cannot_autorollback>
    <date_of_patch day="31" month="Jan" time="00:50:49 hrs" year="2019" zone="PST8PDT"/>
    <base_bugs>
        <bug description="WEBSERVICES WLSCONTAINER.JAVA LN#321 AVOID USE OF COM.CTC.WSTX.STAX.* PACKAGES" number="23076695"/>
        <bug description="Fix for Bug 23103220" number="23103220"/>
        <bug description="STRESS-OSB- ConcurrentModificationException-transaction failed during testing" number="25387569"/>
        <bug description="WSS SECURITY NOT BEING ADDED FOR JAXWS DISPATCH CLIENT WITH CUSTOM POLICY ID" number="25488428"/>
        <bug description="UNABLE TO TARGET MULTIDATASOURCE TO A PERSISTENT STORE" number="25580220"/>
        <bug description="ADMIN SERVER IS CONSUMING HIGH NATIVE MEMORY" number="25665727"/>
        <bug description="COMMONDOMAIN WC_COLLABORATION=RUNNING,HEALTH_NULL" number="25750303"/>
        <bug description="RESPONSE TIME FOR ADF APPLICATION TAKES 30 SECONDS" number="25800186"/>
        <bug description="CUSTOM CHANNEL NOT USED FOR TX PEEREXCHANGE AND RECOVERY" number="25987400"/>
        <bug description="Fix for Bug 25993295" number="25993295"/>
        <bug description="SOASTRESS  SOA fail to load deployed composite after scale up and cause 404" number="26026959"/>
        <bug description="WLS SENT 0000 DATA TO THE CLIENT AFTER HTTP 204" number="26080417"/>
        <bug description="IDCS-WLS GAP  APP ROLES INFO NOT AVAILABLE IN CLIENT AUTHENTICATION FLOW" number="26098043"/>
        <bug description="Fix for Bug 26144830" number="26144830"/>
        <bug description="STRESS-OSB- RESEQUENCER TEST FAILED WITH ENHANCED INCREMENT ADVISOR" number="26145911"/>
        <bug description="Fix for Bug 26248394" number="26248394"/>
        <bug description="ADFBC SERVER   DETECT QUIESCE MODE API" number="26267487"/>
        <bug description="STRESS-OSB-ADMIN SERVER STUCK THREAD - COULD NOT LOGIN TO EM DURING HARRIS TEST" number="26268190"/>
        <bug description="Fix for Bug 26353793" number="26353793"/>
        <bug description="Fix for Bug 26439373" number="26439373"/>
        <bug description="JSP COMPILING ERROR AFTER DEPLOYING FROM NETWORK (UNC) PATH ON WLS 12.2.1.2" number="26473149"/>
        <bug description="STRESS BPM  BPM FAIL TO SCALE DOWN AFTER REGISTER TO OTD" number="26499391"/>
        <bug description="JTA DETERMINERS PROCESSING IS NOT THREADSAFE (NPE)" number="26502060"/>
        <bug description="Fix for Bug 26547016" number="26547016"/>
        <bug description="IMPROVE DOMAINRUNTIME.GETSERVERRUNTIME() PERFORMANCE" number="26589850"/>
        <bug description="Fix for Bug 26608537" number="26608537"/>
        <bug description="NODEMANAGER MEMORY LEAK ON SSL HANDSHAKE FAILURES" number="26624375"/>
        <bug description="OID  ISSUE IN STARTING COMPONENTS SIMULTANEOUSLY AFTER HA UPG" number="26626528"/>
        <bug description="UNEXPECTED EXCEPTION FOR IDENTITYASSERTER DURING DEBUG" number="26731253"/>
        <bug description="Fix for Bug 26791760" number="26791760"/>
        <bug description="NULLPOINTEREXCEPTION RAISED DURING INITIALIZATON ON SECURITY MODULE" number="26806438"/>
        <bug description="WLS REWRITES HOST HEADER WHEN CLUSTER FRONTEND ADDRESS IS SET" number="26828499"/>
        <bug description="UPG-20170919 GSI EBNN-TEST WC_SPACES FAILS TO COME UP CANNOT INSERT WC_PORTAL_PR" number="26835012"/>
        <bug description="_WLS SCHEMAS WITH CREATE ANY PRIVS" number="26929163"/>
        <bug description="12C SMC SHARED LIBRARY DEPLOYMENT FAILS WITH PREPARED STATE" number="26936500"/>
        <bug description="USING REST API CLIENT APP DEPLOYMENT FAILS IN K8S WLS DOMAIN" number="26943614"/>
        <bug description="WLS PATCH SET UPDATE 12.1.3.0.171017 THROWING STRINGINDEXOUTOFBOUNDSEXCEPTION" number="26985581"/>
        <bug description="DEADLOCK AT WEBLOGIC.UTILS.CLASSLOADERS.CHANGEAWARECLASSLOADER.LOADCLASS" number="27033250"/>
        <bug description="TRACKING BUG FOR DIAGNOSTIC PATCH OF IDCS INTEGRATION 12.3.1 CHANGES" number="27055227"/>
        <bug description="BPEL THROWS ENDPOINT PARSING EXCEPTION WHILE CALLING WEB BASED ONE WAY OSB PROXY" number="27086845"/>
        <bug description="TRACKING BUG TO CONSUME JRF WEBSERVICES FIXES FOR 25990003 INTO WLS PSUS" number="27111664"/>
        <bug description="CERTGEN FAILS WITH JDK8 CPU (180161, B04, B05, B06)" number="27117282"/>
        <bug description="TYPO IN SECURITY DEBUG LOGGING FOR WORD 'CALLBACKS'" number="27118731"/>
        <bug description="INVALID COMMIT/ABORT DEBUG FOR LOGINMODULE" number="27131483"/>
        <bug description="PSR PERF CHANGE IDCSINTEGRATOR DEFAULT CONNECT TIMEOUT TO 60SEC" number="27187631"/>
        <bug description="NPE ON COM.ORACLE.INJECTION.INTEGRATION.MODULECONTAINERINTEGRATIONSERVICE" number="27213775"/>
        <bug description="PSR PERF ICS WLS STUCK THREADS DUE TO LOCKING IN INJECTIONBASEDEJBCOMPONENTCREAT" number="27234961"/>
        <bug description="REQUEST FOR ALTERNATIVE SOLUTION/API FOR JAVAURLCONTEXTFACTORY" number="27272911"/>
        <bug description="STRESS WEBLOGIC STARTUP SHOWS EXTREMELY SLOW PERF WITH 500+ OSB PROJECTS" number="27284496"/>
        <bug description="ESS WSDL localizer ignoring HTTP non proxy host list" number="27397287"/>
        <bug description="USER WITH MULTI-BYTE CHARS NOT ABLE TO AUTHENTICATE" number="27411153"/>
        <bug description="Fix for Bug 27417245" number="27417245"/>
        <bug description="Fix for Bug 27445260" number="27445260"/>
        <bug description="STRESS OSB  harris use case   Out of memory error after 5 hrs of processing" number="27469756"/>
        <bug description="UNDEPLOY APP FROM DYNAMIC CLUSTER FAILS" number="27486993"/>
        <bug description="ACCESSCONTROLEXCEPTION WHILE NAVIGATING THRU CONSOLE WITH SECURITY MANAGER ON" number="27516977"/>
        <bug description="STRESS-OSB-STUCK THREADS DURING ALERT TESTING WHEN JMS QUEUE IS DOWN" number="27561226"/>
        <bug description="MDS-J2EE-TESTS FAIL IN 12.2.1.3.8 AFTER UPTAKING ASKERNEL 12.2.1.3.1" number="27603087"/>
        <bug description="JTA RECOVERY FAILED AFTER COORDINATOR EXIT AFTER PREPARE" number="27617877"/>
        <bug description="SCHEMA DEFAULT NOT CORRECT FOR WEB-APP-CONTAINER/JAX-RS-MONITORING-DEFAULT-BEHAV" number="27693510"/>
        <bug description="Fix for Bug 27803728" number="27803728"/>
        <bug description="Fix for Bug 27819370" number="27819370"/>
        <bug description="WLS IDCS CLOUD INTEGRATOR TO SUPPORT 429 RESPONSE CODES FROM OPC (THROTTLING)" number="27912485"/>
        <bug description="STRESS OIC ICS- NOSUCHELEMENTEXCEPTION DURING STRESS RUN" number="27927071"/>
        <bug description="NOTSTRESS WLS XA SERVER IN HUNG STATE WHEN EMPTY STRING IS SPECIFIED AS SITENAME" number="27928833"/>
        <bug description="Fix for Bug 27934864" number="27934864"/>
        <bug description="TRACKING BUG TO CONSUME JRF WEBSERVICES FIXES FOR 27433554 INTO WLS PSUS" number="27947832"/>
        <bug description="Fix for Bug 27948303" number="27948303"/>
        <bug description="Fix for Bug 27988175" number="27988175"/>
        <bug description="Fix for Bug 28071913" number="28071913"/>
        <bug description="SECURITY ERROR CALLING EJB FROM WEBSTART APPLICATION USING THIN CLIENT" number="28103938"/>
        <bug description="Fix for Bug 28110087" number="28110087"/>
        <bug description="12.2.1.3.1 OHS  FAILED TO START OHS POST INSTALL DUE TO NEW REQ FOR MKTEMP PKG" number="28138954"/>
        <bug description="WEBLOGIC ADMIN SERVER STARTUP FAILURE IN HPIA64" number="28140800"/>
        <bug description="TRACKING BUG FOR CIE BUG 27919131" number="28142116"/>
        <bug description="Fix for Bug 28149607" number="28149607"/>
        <bug description="TRACKING BUG TO CREATE WLS OVERLAY OF BUG 26001165 FIX FOR BLRS." number="28166483"/>
        <bug description="CLASSNOTFOUNDEXCEPTION TRYING TO REFERENCE SHARED LIBRARY IN GAR" number="28171852"/>
        <bug description="RESPONSE TIME FOR THE APPLICATION TAKES 30 SECONDS DELAY,WITH 12.2.1.3.180417" number="28172380"/>
        <bug description="FAILURE IN USE CASE WHERE INVALID OWSM POLICY ATTACHED IN WLS EJB JAXWS WS" number="28311332"/>
        <bug description="HTTP SESSION OBJECTS DOESN'T ADHER SESSION TIMEOUT WHEN CLIENT TERMINATES REQUES" number="28313163"/>
        <bug description="BASIC AUTH DOES NOT WORK WITH PASSWORDS CONTAINING BACKSLASH CHARACTER" number="28319690"/>
        <bug description="STRESS OIC ICS - NPE AT JMS.FRONTEND.FESESSION.BROWSERCREATE" number="28360225"/>
        <bug description="Fix for Bug 28375173" number="28375173"/>
        <bug description="Fix for Bug 28375702" number="28375702"/>
        <bug description="Fix for Bug 28409586" number="28409586"/>
        <bug description="CTS J2EETOOLS TEST FAILED WITH FIX FOR BUG 26268190" number="28503638"/>
        <bug description="PSR PERF WLS WLS IDCSINTEGRATOR NEEDS TO HANDLE 429 RESPONSES FROM IDCS" number="28550962"/>
        <bug description="Fix for Bug 28559579" number="28559579"/>
        <bug description="PERF PROD HUGE TIME SPENT IN WEBLOGIC.SECURITY.ACL.INTERNAL.AUTHENTICATEDSUBJECT" number="28594324"/>
        <bug description="Fix for Bug 28626991" number="28626991"/>
        <bug description="Fix for Bug 28632521" number="28632521"/>
        <bug description="TRANSACTION SUB-COORDINATOR CREATES A NEW RJVM CONNECTION TO SEND ACK" number="28651365"/>
        <bug description="MAA - WLSSCHEMADATASOURCE SHOULD HAVE SECONDS-TO-TRUST-AN-IDLE-POOL-CONNECTION TO 0" number="28748179"/>
        <bug description="TRACKING BUG FOR CIE BUG 28768354" number="28774974"/>
        <bug description="Fix for Bug 28874066" number="28874066"/>
        <bug description="Fix for Bug 28891448" number="28891448"/>
        <bug description="Fix for Bug 28895280" number="28895280"/>
        <bug description="TRACKING BUG FOR CIE BUG 28745571" number="28958819"/>
        <bug description="UNABLE TO SET PRE-EMPTIVE AUTHENTICATION FOR WSDL PARSING." number="28984617"/>
        <bug description="Fix for Bug 29140508" number="29140508"/>
        <bug description="Fix for Bug 29140516" number="29140516"/>
        <bug description="Fix for Bug 29140540" number="29140540"/>
        <bug description="Fix for Bug 29140549" number="29140549"/>
        <bug description="Fix for Bug 29140551" number="29140551"/>
        <bug description="Fix for Bug 29140555" number="29140555"/>
    </base_bugs>
    <required_components>
        <component internal_name="oracle.webservices.orawsdl" opt_req="O" version="12.2.1.3.0"/>
        <component internal_name="oracle.com.fasterxml.jackson.dataformat.jackson.dataformat.xml" opt_req="O" version="2.7.9.0.0"/>
        <component internal_name="oracle.org.bouncycastle" opt_req="O" version="12.2.1.3.0"/>
        <component internal_name="oracle.wls.jrf.tenancy.common.sharedlib" opt_req="O" version="12.2.1.3.0"/>
        <component internal_name="oracle.fmwconfig.common.wls.shared.internal" opt_req="O" version="12.2.1.3.0"/>
        <component internal_name="oracle.wls.cam.wlst" opt_req="O" version="12.2.1.3.0"/>
        <component internal_name="oracle.com.fasterxml.jackson.jaxrs.jackson.jaxrs.base" opt_req="O" version="2.7.9.0.0"/>
        <component internal_name="oracle.fmwconfig.common.config.shared" opt_req="O" version="12.2.1.3.0"/>
        <component internal_name="oracle.wls.shared.with.cam" opt_req="O" version="12.2.1.3.0"/>
        <component internal_name="oracle.wls.jrf.tenancy.common" opt_req="O" version="12.2.1.3.0"/>
        <component internal_name="oracle.wls.evaluation.database" opt_req="O" version="12.2.1.3.0"/>
        <component internal_name="oracle.webservices.wls.jaxrpc" opt_req="O" version="12.2.1.3.0"/>
        <component internal_name="oracle.wls.core.app.server" opt_req="O" version="12.2.1.3.0"/>
        <component internal_name="oracle.webservices.base" opt_req="O" version="12.2.1.3.0"/>
        <component internal_name="oracle.webservices.jrf" opt_req="O" version="12.2.1.3.0"/>
        <component internal_name="oracle.wls.jrf.tenancy.ee.only.sharedlib" opt_req="O" version="12.2.1.3.0"/>
        <component internal_name="oracle.wls.rcu" opt_req="O" version="12.2.1.3.0"/>
        <component internal_name="oracle.fmwconfig.common.wls.shared" opt_req="O" version="12.2.1.3.0"/>
        <component internal_name="oracle.wls.security.core.sharedlib" opt_req="O" version="12.2.1.3.0"/>
        <component internal_name="oracle.webservices.wls" opt_req="O" version="12.2.1.3.0"/>
        <component internal_name="oracle.commons.fileupload.commons.fileupload" opt_req="O" version="1.3.2.0.0"/>
        <component internal_name="oracle.com.fasterxml.jackson.jaxrs.jackson.jaxrs.json.provider" opt_req="O" version="2.7.9.0.0"/>
        <component internal_name="oracle.wls.admin.console.en" opt_req="O" version="12.2.1.3.0"/>
        <component internal_name="oracle.wls.libraries" opt_req="O" version="12.2.1.3.0"/>
        <component internal_name="oracle.com.fasterxml.jackson.core.jackson.annotations" opt_req="O" version="2.7.9.0.0"/>
        <component internal_name="oracle.wls.common.cam.wlst" opt_req="O" version="12.2.1.3.0"/>
        <component internal_name="oracle.com.fasterxml.jackson.module.jackson.module.jsonschema" opt_req="O" version="2.7.9.0.0"/>
        <component internal_name="oracle.com.fasterxml.jackson.module.jackson.module.jaxb.annotations" opt_req="O" version="2.7.9.0.0"/>
        <component internal_name="oracle.com.fasterxml.jackson.core.jackson.databind" opt_req="O" version="2.7.9.1.0"/>
        <component internal_name="oracle.com.fasterxml.jackson.core.jackson.core" opt_req="O" version="2.7.9.0.0"/>
        <component internal_name="oracle.wls.core.app.server.nativelib" opt_req="O" version="12.2.1.3.0"/>
        <component internal_name="oracle.wls.security.core" opt_req="O" version="12.2.1.3.0"/>
        <component internal_name="oracle.wls.wlsportable.mod" opt_req="O" version="12.2.1.3.0"/>
        <component internal_name="oracle.jrf.tenancy.se" opt_req="O" version="12.2.1.3.0"/>
        <component internal_name="oracle.wls.http.pubsub.server" opt_req="O" version="12.2.1.3.0"/>
        <component internal_name="oracle.apache.commons.collections.mod" opt_req="O" version="3.2.0.0.2"/>
        <component internal_name="oracle.wls.common.cam" opt_req="O" version="12.2.1.3.0"/>
        <component internal_name="oracle.wls.workshop.code.completion.support" opt_req="O" version="12.2.1.3.0"/>
        <component internal_name="oracle.java.activation" opt_req="O" version="12.2.1.3.0"/>
        <component internal_name="oracle.wls.server.examples" opt_req="O" version="12.2.1.3.0"/>
        <component internal_name="oracle.apache.commons.lang.mod" opt_req="O" version="2.6.0.0.2"/>
        <component internal_name="oracle.java.xml.bind" opt_req="O" version="2.3.0.0.0"/>
        <component internal_name="oracle.java.servlet" opt_req="O" version="12.2.1.3.0"/>
        <component internal_name="oracle.wls.rdmu" opt_req="O" version="12.2.1.3.0"/>
        <component internal_name="oracle.legacy_oc4j_xml_schemas" opt_req="O" version="12.2.1.3.0"/>
        <component internal_name="oracle.wls.server.mt.examples" opt_req="O" version="12.2.1.3.0"/>
        <component internal_name="oracle.wls.common.nodemanager" opt_req="O" version="12.2.1.3.0"/>
        <component internal_name="oracle.wls.shared.with.inst" opt_req="O" version="12.2.1.3.0"/>
        <component internal_name="oracle.wls.shared.with.coh.standalone" opt_req="O" version="12.2.1.3.0"/>
        <component internal_name="oracle.jaxb.impl" opt_req="O" version="2.3.0.0.0"/>
        <component internal_name="oracle.wls.admin.console.nonen" opt_req="O" version="12.2.1.3.0"/>
        <component internal_name="oracle.wls.clients" opt_req="O" version="12.2.1.3.0"/>
        <component internal_name="oracle.wls.shared.with.inst.sharedlib" opt_req="O" version="12.2.1.3.0"/>
        <component internal_name="oracle.wls.thirdparty.javax.json" opt_req="O" version="12.2.1.3.0"/>
        <component internal_name="oracle.jrf.tenancy.ee" opt_req="O" version="12.2.1.3.0"/>
        <component internal_name="oracle.wls.inst.only" opt_req="O" version="12.2.1.3.0"/>
        <component internal_name="oracle.jaxb.tools" opt_req="O" version="2.3.0.0.0"/>
        <component internal_name="oracle.jaxb.core" opt_req="O" version="2.3.0.0.0"/>
        <component internal_name="oracle.diagnostics.common" opt_req="O" version="12.2.1.3.0"/>
        <component internal_name="oracle.wls.weblogic.sca" opt_req="O" version="12.2.1.3.0"/>
        <component internal_name="org.codehaus.woodstox" opt_req="O" version="4.2.0.0.0"/>
        <component internal_name="oracle.wls.core.app.server.tier1nativelib" opt_req="O" version="12.2.1.3.0"/>
        <component internal_name="oracle.jrf.tenancy" opt_req="O" version="12.2.1.3.0"/>
        <component internal_name="oracle.java.jaxws" opt_req="O" version="12.2.1.3.0"/>
    </required_components>
    <os_platforms>
        <platform id="0" name="Generic Platform 1"/>
    </os_platforms>
    <executables/>
    <instance_shutdown>true</instance_shutdown>
    <instance_shutdown_message/>
    <online_rac_installable>false</online_rac_installable>
    <run_as_root>false</run_as_root>
    <sql_migrate>false</sql_migrate>
    <wls_prereq_oneoffs/>
    <prereq_oneoffs/>
    <overlay_oneoffs/>
    <patch_type sub_type="update" value="singleton"/>
    <patch_language value="en"/>
    <product_family value="fmw"/>
    <patching_model value="one-off"/>
    <auto>false</auto>
    <translatable>false</translatable>
</oneoff_inventory>
