<?xml version="1.0" encoding="US-ASCII"?>
<MANIFEST PACKAGE_ID="2">
    <TITLE>Manifest for package 2</TITLE>
    <PACKAGE_DETAILS>
        <PACKAGE_ID>2</PACKAGE_ID>
        <CREATION_TIME>2019-07-30 05:32:34.094874 -04:00</CREATION_TIME>
        <ARCHIVE_TIME>2019-07-30 05:33:42.544734 -04:00</ARCHIVE_TIME>
        <SEQUENCE>1</SEQUENCE>
        <PACKAGE_MODE>Complete</PACKAGE_MODE>
        <PACKAGE_STATUS>Generating</PACKAGE_STATUS>
        <PACKAGE_FLAGS>Flags: (No flags set)</PACKAGE_FLAGS>
        <DRIVING_PROBLEM>1</DRIVING_PROBLEM>
        <DRIVING_INCIDENT>1368163</DRIVING_INCIDENT>
        <CORRELATION_LEVEL>Typical</CORRELATION_LEVEL>
    </PACKAGE_DETAILS>
    <CONTENTS_SUMMARY>
        <MAIN_PROBLEMS>1</MAIN_PROBLEMS>
        <CORRELATED_PROBLEMS>1</CORRELATED_PROBLEMS>
        <MAIN_INCIDENTS>1</MAIN_INCIDENTS>
        <CORRELATED_INCIDENTS>3</CORRELATED_INCIDENTS>
    </CONTENTS_SUMMARY>
    <ADR_DETAILS>
        <PRODUCT>rdbms</PRODUCT>
        <TARGET>prod</TARGET>
        <INSTANCE>PROD</INSTANCE>
        <ADR_BASE>/u01/app/oracle</ADR_BASE>
        <ADR_HOME>/u01/app/oracle/diag/rdbms/prod/PROD</ADR_HOME>
        <OCM_GUID/>
    </ADR_DETAILS>
    <MAIN_PROBLEMS>
        <PROBLEM>
            <PROBLEM_ID>1</PROBLEM_ID>
            <PROBLEM_KEY>ORA 600 [kkqjpdpvpd: No join pred found.]</PROBLEM_KEY>
            <INCIDENTS_INCLUDED>4</INCIDENTS_INCLUDED>
            <INCIDENTS_TOTAL>54</INCIDENTS_TOTAL>
        </PROBLEM>
    </MAIN_PROBLEMS>
    <CORRELATED_PROBLEMS>
        <PROBLEM>
            <PROBLEM_ID>1</PROBLEM_ID>
            <PROBLEM_KEY>ORA 600 [kkqjpdpvpd: No join pred found.]</PROBLEM_KEY>
            <INCIDENTS_INCLUDED>4</INCIDENTS_INCLUDED>
            <INCIDENTS_TOTAL>54</INCIDENTS_TOTAL>
        </PROBLEM>
    </CORRELATED_PROBLEMS>
    <MAIN_INCIDENTS>
        <INCIDENT>
            <INCIDENT_ID>1368163</INCIDENT_ID>
            <PROBLEM_ID>1</PROBLEM_ID>
            <ERROR_MESSAGE>ORA-600 [kkqjpdpvpd: No join pred found.]</ERROR_MESSAGE>
            <INCIDENT_TIME>2019-07-29 17:37:16.701000 -04:00</INCIDENT_TIME>
        </INCIDENT>
    </MAIN_INCIDENTS>
    <CORRELATED_INCIDENTS>
        <INCIDENT>
            <INCIDENT_ID>1368161</INCIDENT_ID>
            <PROBLEM_ID>1</PROBLEM_ID>
            <ERROR_MESSAGE>ORA-600 [kkqjpdpvpd: No join pred found.]</ERROR_MESSAGE>
            <INCIDENT_TIME>2019-07-29 17:36:50.868000 -04:00</INCIDENT_TIME>
        </INCIDENT>
        <INCIDENT>
            <INCIDENT_ID>1368162</INCIDENT_ID>
            <PROBLEM_ID>1</PROBLEM_ID>
            <ERROR_MESSAGE>ORA-600 [kkqjpdpvpd: No join pred found.]</ERROR_MESSAGE>
            <INCIDENT_TIME>2019-07-29 17:37:10.845000 -04:00</INCIDENT_TIME>
        </INCIDENT>
        <INCIDENT>
            <INCIDENT_ID>1370441</INCIDENT_ID>
            <PROBLEM_ID>1</PROBLEM_ID>
            <ERROR_MESSAGE>ORA-600 [kkqjpdpvpd: No join pred found.]</ERROR_MESSAGE>
            <INCIDENT_TIME>2019-07-29 17:37:00.513000 -04:00</INCIDENT_TIME>
        </INCIDENT>
    </CORRELATED_INCIDENTS>
    <FILES>
        <FILE>
            <FILE_NAME>PROD_ora_57748_i1368161.trc</FILE_NAME>
            <LOCATION>&lt;ADR_HOME>/incident/incdir_1368161</LOCATION>
            <SIZE>35002279</SIZE>
            <FILE_TIME>2019-07-29 16:36:56.000000 -05:00</FILE_TIME>
            <INCIDENT_ID>1368161</INCIDENT_ID>
        </FILE>
        <FILE>
            <FILE_NAME>PROD_m003_58106_i1368161_a.trm</FILE_NAME>
            <LOCATION>&lt;ADR_HOME>/incident/incdir_1368161</LOCATION>
            <SIZE>240</SIZE>
            <FILE_TIME>2019-07-29 16:36:56.000000 -05:00</FILE_TIME>
            <INCIDENT_ID>1368161</INCIDENT_ID>
        </FILE>
        <FILE>
            <FILE_NAME>PROD_ora_57748_i1368161.trm</FILE_NAME>
            <LOCATION>&lt;ADR_HOME>/incident/incdir_1368161</LOCATION>
            <SIZE>4375313</SIZE>
            <FILE_TIME>2019-07-29 16:36:56.000000 -05:00</FILE_TIME>
            <INCIDENT_ID>1368161</INCIDENT_ID>
        </FILE>
        <FILE>
            <FILE_NAME>incident_sig.xml</FILE_NAME>
            <LOCATION>&lt;ADR_HOME>/incident/incdir_1368161</LOCATION>
            <SIZE>145156</SIZE>
            <FILE_TIME>2019-07-30 04:33:34.000000 -05:00</FILE_TIME>
            <INCIDENT_ID/>
        </FILE>
        <FILE>
            <FILE_NAME>PROD_m003_58106_i1368161_a.trc</FILE_NAME>
            <LOCATION>&lt;ADR_HOME>/incident/incdir_1368161</LOCATION>
            <SIZE>1689</SIZE>
            <FILE_TIME>2019-07-29 16:36:56.000000 -05:00</FILE_TIME>
            <INCIDENT_ID>1368161</INCIDENT_ID>
        </FILE>
        <FILE>
            <FILE_NAME>PROD_ora_57748.trm</FILE_NAME>
            <LOCATION>&lt;ADR_HOME>/trace</LOCATION>
            <SIZE>337</SIZE>
            <FILE_TIME>2019-07-29 16:36:50.000000 -05:00</FILE_TIME>
            <INCIDENT_ID/>
        </FILE>
        <FILE>
            <FILE_NAME>PROD_m001_58177_i1368162_a.trc</FILE_NAME>
            <LOCATION>&lt;ADR_HOME>/incident/incdir_1368162</LOCATION>
            <SIZE>1687</SIZE>
            <FILE_TIME>2019-07-29 16:37:12.000000 -05:00</FILE_TIME>
            <INCIDENT_ID>1368162</INCIDENT_ID>
        </FILE>
        <FILE>
            <FILE_NAME>PROD_ora_58149_i1368162.trm</FILE_NAME>
            <LOCATION>&lt;ADR_HOME>/incident/incdir_1368162</LOCATION>
            <SIZE>811511</SIZE>
            <FILE_TIME>2019-07-29 16:37:12.000000 -05:00</FILE_TIME>
            <INCIDENT_ID>1368162</INCIDENT_ID>
        </FILE>
        <FILE>
            <FILE_NAME>PROD_m001_58177_i1368162_a.trm</FILE_NAME>
            <LOCATION>&lt;ADR_HOME>/incident/incdir_1368162</LOCATION>
            <SIZE>240</SIZE>
            <FILE_TIME>2019-07-29 16:37:12.000000 -05:00</FILE_TIME>
            <INCIDENT_ID>1368162</INCIDENT_ID>
        </FILE>
        <FILE>
            <FILE_NAME>PROD_ora_58149_i1368162.trc</FILE_NAME>
            <LOCATION>&lt;ADR_HOME>/incident/incdir_1368162</LOCATION>
            <SIZE>6962280</SIZE>
            <FILE_TIME>2019-07-29 16:37:12.000000 -05:00</FILE_TIME>
            <INCIDENT_ID>1368162</INCIDENT_ID>
        </FILE>
        <FILE>
            <FILE_NAME>incident_sig.xml</FILE_NAME>
            <LOCATION>&lt;ADR_HOME>/incident/incdir_1368162</LOCATION>
            <SIZE>145156</SIZE>
            <FILE_TIME>2019-07-30 04:33:35.000000 -05:00</FILE_TIME>
            <INCIDENT_ID/>
        </FILE>
        <FILE>
            <FILE_NAME>PROD_ora_58149.trm</FILE_NAME>
            <LOCATION>&lt;ADR_HOME>/trace</LOCATION>
            <SIZE>337</SIZE>
            <FILE_TIME>2019-07-29 16:37:10.000000 -05:00</FILE_TIME>
            <INCIDENT_ID/>
        </FILE>
        <FILE>
            <FILE_NAME>PROD_ora_58114_i1370441.trc</FILE_NAME>
            <LOCATION>&lt;ADR_HOME>/incident/incdir_1370441</LOCATION>
            <SIZE>8686497</SIZE>
            <FILE_TIME>2019-07-29 16:37:02.000000 -05:00</FILE_TIME>
            <INCIDENT_ID>1370441</INCIDENT_ID>
        </FILE>
        <FILE>
            <FILE_NAME>PROD_m002_58142_i1370441_a.trm</FILE_NAME>
            <LOCATION>&lt;ADR_HOME>/incident/incdir_1370441</LOCATION>
            <SIZE>240</SIZE>
            <FILE_TIME>2019-07-29 16:37:02.000000 -05:00</FILE_TIME>
            <INCIDENT_ID>1370441</INCIDENT_ID>
        </FILE>
        <FILE>
            <FILE_NAME>PROD_ora_58114_i1370441.trm</FILE_NAME>
            <LOCATION>&lt;ADR_HOME>/incident/incdir_1370441</LOCATION>
            <SIZE>998753</SIZE>
            <FILE_TIME>2019-07-29 16:37:02.000000 -05:00</FILE_TIME>
            <INCIDENT_ID>1370441</INCIDENT_ID>
        </FILE>
        <FILE>
            <FILE_NAME>incident_sig.xml</FILE_NAME>
            <LOCATION>&lt;ADR_HOME>/incident/incdir_1370441</LOCATION>
            <SIZE>149271</SIZE>
            <FILE_TIME>2019-07-30 04:33:36.000000 -05:00</FILE_TIME>
            <INCIDENT_ID/>
        </FILE>
        <FILE>
            <FILE_NAME>PROD_m002_58142_i1370441_a.trc</FILE_NAME>
            <LOCATION>&lt;ADR_HOME>/incident/incdir_1370441</LOCATION>
            <SIZE>1687</SIZE>
            <FILE_TIME>2019-07-29 16:37:02.000000 -05:00</FILE_TIME>
            <INCIDENT_ID>1370441</INCIDENT_ID>
        </FILE>
        <FILE>
            <FILE_NAME>PROD_ora_58114.trm</FILE_NAME>
            <LOCATION>&lt;ADR_HOME>/trace</LOCATION>
            <SIZE>337</SIZE>
            <FILE_TIME>2019-07-29 16:37:00.000000 -05:00</FILE_TIME>
            <INCIDENT_ID/>
        </FILE>
        <FILE>
            <FILE_NAME>PROD_ora_58181_i1368163.trc</FILE_NAME>
            <LOCATION>&lt;ADR_HOME>/incident/incdir_1368163</LOCATION>
            <SIZE>7315442</SIZE>
            <FILE_TIME>2019-07-29 16:37:18.000000 -05:00</FILE_TIME>
            <INCIDENT_ID>1368163</INCIDENT_ID>
        </FILE>
        <FILE>
            <FILE_NAME>PROD_m006_58188_i1368163_a.trm</FILE_NAME>
            <LOCATION>&lt;ADR_HOME>/incident/incdir_1368163</LOCATION>
            <SIZE>240</SIZE>
            <FILE_TIME>2019-07-29 16:37:18.000000 -05:00</FILE_TIME>
            <INCIDENT_ID>1368163</INCIDENT_ID>
        </FILE>
        <FILE>
            <FILE_NAME>PROD_m006_58188_i1368163_a.trc</FILE_NAME>
            <LOCATION>&lt;ADR_HOME>/incident/incdir_1368163</LOCATION>
            <SIZE>1687</SIZE>
            <FILE_TIME>2019-07-29 16:37:18.000000 -05:00</FILE_TIME>
            <INCIDENT_ID>1368163</INCIDENT_ID>
        </FILE>
        <FILE>
            <FILE_NAME>incident_sig.xml</FILE_NAME>
            <LOCATION>&lt;ADR_HOME>/incident/incdir_1368163</LOCATION>
            <SIZE>149271</SIZE>
            <FILE_TIME>2019-07-30 04:33:36.000000 -05:00</FILE_TIME>
            <INCIDENT_ID/>
        </FILE>
        <FILE>
            <FILE_NAME>PROD_ora_58181_i1368163.trm</FILE_NAME>
            <LOCATION>&lt;ADR_HOME>/incident/incdir_1368163</LOCATION>
            <SIZE>830949</SIZE>
            <FILE_TIME>2019-07-29 16:37:18.000000 -05:00</FILE_TIME>
            <INCIDENT_ID>1368163</INCIDENT_ID>
        </FILE>
        <FILE>
            <FILE_NAME>PROD_ora_58181.trm</FILE_NAME>
            <LOCATION>&lt;ADR_HOME>/trace</LOCATION>
            <SIZE>337</SIZE>
            <FILE_TIME>2019-07-29 16:37:16.000000 -05:00</FILE_TIME>
            <INCIDENT_ID/>
        </FILE>
        <FILE>
            <FILE_NAME>log.xml</FILE_NAME>
            <LOCATION>&lt;ADR_HOME>/alert</LOCATION>
            <SIZE>4305455</SIZE>
            <FILE_TIME>2019-07-30 04:33:03.000000 -05:00</FILE_TIME>
            <INCIDENT_ID/>
        </FILE>
        <FILE>
            <FILE_NAME>alert014_27564.log</FILE_NAME>
            <LOCATION>&lt;ADR_HOME>/trace</LOCATION>
            <SIZE>349</SIZE>
            <FILE_TIME>2018-03-31 20:01:20.000000 -05:00</FILE_TIME>
            <INCIDENT_ID/>
        </FILE>
        <FILE>
            <FILE_NAME>alert011_27558.log</FILE_NAME>
            <LOCATION>&lt;ADR_HOME>/trace</LOCATION>
            <SIZE>349</SIZE>
            <FILE_TIME>2018-03-31 20:01:20.000000 -05:00</FILE_TIME>
            <INCIDENT_ID/>
        </FILE>
        <FILE>
            <FILE_NAME>alert014_22056.log</FILE_NAME>
            <LOCATION>&lt;ADR_HOME>/trace</LOCATION>
            <SIZE>349</SIZE>
            <FILE_TIME>2018-04-21 20:01:24.000000 -05:00</FILE_TIME>
            <INCIDENT_ID/>
        </FILE>
        <FILE>
            <FILE_NAME>alert014_15418.log</FILE_NAME>
            <LOCATION>&lt;ADR_HOME>/trace</LOCATION>
            <SIZE>349</SIZE>
            <FILE_TIME>2018-03-03 21:02:18.000000 -05:00</FILE_TIME>
            <INCIDENT_ID/>
        </FILE>
        <FILE>
            <FILE_NAME>alert011_6518.log</FILE_NAME>
            <LOCATION>&lt;ADR_HOME>/trace</LOCATION>
            <SIZE>349</SIZE>
            <FILE_TIME>2018-02-24 21:01:17.000000 -05:00</FILE_TIME>
            <INCIDENT_ID/>
        </FILE>
        <FILE>
            <FILE_NAME>alert014_10522.log</FILE_NAME>
            <LOCATION>&lt;ADR_HOME>/trace</LOCATION>
            <SIZE>349</SIZE>
            <FILE_TIME>2018-04-28 20:01:21.000000 -05:00</FILE_TIME>
            <INCIDENT_ID/>
        </FILE>
        <FILE>
            <FILE_NAME>alert014_8102.log</FILE_NAME>
            <LOCATION>&lt;ADR_HOME>/trace</LOCATION>
            <SIZE>349</SIZE>
            <FILE_TIME>2018-05-12 20:03:58.000000 -05:00</FILE_TIME>
            <INCIDENT_ID/>
        </FILE>
        <FILE>
            <FILE_NAME>alert011_6810.log</FILE_NAME>
            <LOCATION>&lt;ADR_HOME>/trace</LOCATION>
            <SIZE>349</SIZE>
            <FILE_TIME>2018-05-19 20:03:58.000000 -05:00</FILE_TIME>
            <INCIDENT_ID/>
        </FILE>
        <FILE>
            <FILE_NAME>alert015_4374.log</FILE_NAME>
            <LOCATION>&lt;ADR_HOME>/trace</LOCATION>
            <SIZE>349</SIZE>
            <FILE_TIME>2018-06-02 20:04:38.000000 -05:00</FILE_TIME>
            <INCIDENT_ID/>
        </FILE>
        <FILE>
            <FILE_NAME>alert014_6524.log</FILE_NAME>
            <LOCATION>&lt;ADR_HOME>/trace</LOCATION>
            <SIZE>349</SIZE>
            <FILE_TIME>2018-02-24 21:01:17.000000 -05:00</FILE_TIME>
            <INCIDENT_ID/>
        </FILE>
        <FILE>
            <FILE_NAME>alert014_6816.log</FILE_NAME>
            <LOCATION>&lt;ADR_HOME>/trace</LOCATION>
            <SIZE>349</SIZE>
            <FILE_TIME>2018-05-19 20:03:58.000000 -05:00</FILE_TIME>
            <INCIDENT_ID/>
        </FILE>
        <FILE>
            <FILE_NAME>alert012_19591.log</FILE_NAME>
            <LOCATION>&lt;ADR_HOME>/trace</LOCATION>
            <SIZE>1047</SIZE>
            <FILE_TIME>2018-02-16 15:27:25.000000 -05:00</FILE_TIME>
            <INCIDENT_ID/>
        </FILE>
        <FILE>
            <FILE_NAME>alert012_6520.log</FILE_NAME>
            <LOCATION>&lt;ADR_HOME>/trace</LOCATION>
            <SIZE>349</SIZE>
            <FILE_TIME>2018-02-24 21:01:17.000000 -05:00</FILE_TIME>
            <INCIDENT_ID/>
        </FILE>
        <FILE>
            <FILE_NAME>alert012_4368.log</FILE_NAME>
            <LOCATION>&lt;ADR_HOME>/trace</LOCATION>
            <SIZE>349</SIZE>
            <FILE_TIME>2018-06-02 20:04:38.000000 -05:00</FILE_TIME>
            <INCIDENT_ID/>
        </FILE>
        <FILE>
            <FILE_NAME>alert015_13796.log</FILE_NAME>
            <LOCATION>&lt;ADR_HOME>/trace</LOCATION>
            <SIZE>349</SIZE>
            <FILE_TIME>2018-02-16 22:00:11.000000 -05:00</FILE_TIME>
            <INCIDENT_ID/>
        </FILE>
        <FILE>
            <FILE_NAME>alert011_4366.log</FILE_NAME>
            <LOCATION>&lt;ADR_HOME>/trace</LOCATION>
            <SIZE>349</SIZE>
            <FILE_TIME>2018-06-02 20:04:38.000000 -05:00</FILE_TIME>
            <INCIDENT_ID/>
        </FILE>
        <FILE>
            <FILE_NAME>alert011_3753.log</FILE_NAME>
            <LOCATION>&lt;ADR_HOME>/trace</LOCATION>
            <SIZE>349</SIZE>
            <FILE_TIME>2018-02-17 21:01:18.000000 -05:00</FILE_TIME>
            <INCIDENT_ID/>
        </FILE>
        <FILE>
            <FILE_NAME>alert012_5601.log</FILE_NAME>
            <LOCATION>&lt;ADR_HOME>/trace</LOCATION>
            <SIZE>349</SIZE>
            <FILE_TIME>2018-06-30 20:04:00.000000 -05:00</FILE_TIME>
            <INCIDENT_ID/>
        </FILE>
        <FILE>
            <FILE_NAME>alert012_13790.log</FILE_NAME>
            <LOCATION>&lt;ADR_HOME>/trace</LOCATION>
            <SIZE>349</SIZE>
            <FILE_TIME>2018-02-16 22:00:11.000000 -05:00</FILE_TIME>
            <INCIDENT_ID/>
        </FILE>
        <FILE>
            <FILE_NAME>alert013_6814.log</FILE_NAME>
            <LOCATION>&lt;ADR_HOME>/trace</LOCATION>
            <SIZE>349</SIZE>
            <FILE_TIME>2018-05-19 20:03:58.000000 -05:00</FILE_TIME>
            <INCIDENT_ID/>
        </FILE>
        <FILE>
            <FILE_NAME>alert015_19597.log</FILE_NAME>
            <LOCATION>&lt;ADR_HOME>/trace</LOCATION>
            <SIZE>1047</SIZE>
            <FILE_TIME>2018-02-16 15:27:25.000000 -05:00</FILE_TIME>
            <INCIDENT_ID/>
        </FILE>
        <FILE>
            <FILE_NAME>alert015_4919.log</FILE_NAME>
            <LOCATION>&lt;ADR_HOME>/trace</LOCATION>
            <SIZE>349</SIZE>
            <FILE_TIME>2018-05-26 20:04:02.000000 -05:00</FILE_TIME>
            <INCIDENT_ID/>
        </FILE>
        <FILE>
            <FILE_NAME>alert015_30514.log</FILE_NAME>
            <LOCATION>&lt;ADR_HOME>/trace</LOCATION>
            <SIZE>349</SIZE>
            <FILE_TIME>2018-06-16 20:04:27.000000 -05:00</FILE_TIME>
            <INCIDENT_ID/>
        </FILE>
        <FILE>
            <FILE_NAME>alert013_5603.log</FILE_NAME>
            <LOCATION>&lt;ADR_HOME>/trace</LOCATION>
            <SIZE>349</SIZE>
            <FILE_TIME>2018-06-30 20:04:00.000000 -05:00</FILE_TIME>
            <INCIDENT_ID/>
        </FILE>
        <FILE>
            <FILE_NAME>alert015_8104.log</FILE_NAME>
            <LOCATION>&lt;ADR_HOME>/trace</LOCATION>
            <SIZE>349</SIZE>
            <FILE_TIME>2018-05-12 20:03:58.000000 -05:00</FILE_TIME>
            <INCIDENT_ID/>
        </FILE>
        <FILE>
            <FILE_NAME>alert010_3751.log</FILE_NAME>
            <LOCATION>&lt;ADR_HOME>/trace</LOCATION>
            <SIZE>349</SIZE>
            <FILE_TIME>2018-02-17 21:01:18.000000 -05:00</FILE_TIME>
            <INCIDENT_ID/>
        </FILE>
        <FILE>
            <FILE_NAME>alert012_27560.log</FILE_NAME>
            <LOCATION>&lt;ADR_HOME>/trace</LOCATION>
            <SIZE>349</SIZE>
            <FILE_TIME>2018-03-31 20:01:20.000000 -05:00</FILE_TIME>
            <INCIDENT_ID/>
        </FILE>
        <FILE>
            <FILE_NAME>alert011_20835.log</FILE_NAME>
            <LOCATION>&lt;ADR_HOME>/trace</LOCATION>
            <SIZE>349</SIZE>
            <FILE_TIME>2018-05-05 20:01:25.000000 -05:00</FILE_TIME>
            <INCIDENT_ID/>
        </FILE>
        <FILE>
            <FILE_NAME>alert010_2643.log</FILE_NAME>
            <LOCATION>&lt;ADR_HOME>/trace</LOCATION>
            <SIZE>1396</SIZE>
            <FILE_TIME>2018-02-16 19:12:02.000000 -05:00</FILE_TIME>
            <INCIDENT_ID/>
        </FILE>
        <FILE>
            <FILE_NAME>alert013_20839.log</FILE_NAME>
            <LOCATION>&lt;ADR_HOME>/trace</LOCATION>
            <SIZE>349</SIZE>
            <FILE_TIME>2018-05-05 20:01:25.000000 -05:00</FILE_TIME>
            <INCIDENT_ID/>
        </FILE>
        <FILE>
            <FILE_NAME>alert013_22053.log</FILE_NAME>
            <LOCATION>&lt;ADR_HOME>/trace</LOCATION>
            <SIZE>349</SIZE>
            <FILE_TIME>2018-04-21 20:01:24.000000 -05:00</FILE_TIME>
            <INCIDENT_ID/>
        </FILE>
        <FILE>
            <FILE_NAME>alert012_20924.log</FILE_NAME>
            <LOCATION>&lt;ADR_HOME>/trace</LOCATION>
            <SIZE>349</SIZE>
            <FILE_TIME>2018-03-24 20:01:17.000000 -05:00</FILE_TIME>
            <INCIDENT_ID/>
        </FILE>
        <FILE>
            <FILE_NAME>alert015_4170.log</FILE_NAME>
            <LOCATION>&lt;ADR_HOME>/trace</LOCATION>
            <SIZE>349</SIZE>
            <FILE_TIME>2018-03-10 21:01:18.000000 -05:00</FILE_TIME>
            <INCIDENT_ID/>
        </FILE>
        <FILE>
            <FILE_NAME>alert013_4915.log</FILE_NAME>
            <LOCATION>&lt;ADR_HOME>/trace</LOCATION>
            <SIZE>349</SIZE>
            <FILE_TIME>2018-05-26 20:04:02.000000 -05:00</FILE_TIME>
            <INCIDENT_ID/>
        </FILE>
        <FILE>
            <FILE_NAME>alert013_8100.log</FILE_NAME>
            <LOCATION>&lt;ADR_HOME>/trace</LOCATION>
            <SIZE>349</SIZE>
            <FILE_TIME>2018-05-12 20:03:58.000000 -05:00</FILE_TIME>
            <INCIDENT_ID/>
        </FILE>
        <FILE>
            <FILE_NAME>alert012_23759.log</FILE_NAME>
            <LOCATION>&lt;ADR_HOME>/trace</LOCATION>
            <SIZE>1396</SIZE>
            <FILE_TIME>2018-02-16 09:34:57.000000 -05:00</FILE_TIME>
            <INCIDENT_ID/>
        </FILE>
        <FILE>
            <FILE_NAME>alert010_6808.log</FILE_NAME>
            <LOCATION>&lt;ADR_HOME>/trace</LOCATION>
            <SIZE>349</SIZE>
            <FILE_TIME>2018-05-19 20:03:58.000000 -05:00</FILE_TIME>
            <INCIDENT_ID/>
        </FILE>
        <FILE>
            <FILE_NAME>alert011_22049.log</FILE_NAME>
            <LOCATION>&lt;ADR_HOME>/trace</LOCATION>
            <SIZE>349</SIZE>
            <FILE_TIME>2018-04-21 20:01:24.000000 -05:00</FILE_TIME>
            <INCIDENT_ID/>
        </FILE>
        <FILE>
            <FILE_NAME>alert012_8098.log</FILE_NAME>
            <LOCATION>&lt;ADR_HOME>/trace</LOCATION>
            <SIZE>349</SIZE>
            <FILE_TIME>2018-05-12 20:03:58.000000 -05:00</FILE_TIME>
            <INCIDENT_ID/>
        </FILE>
        <FILE>
            <FILE_NAME>alert010_5171.log</FILE_NAME>
            <LOCATION>&lt;ADR_HOME>/trace</LOCATION>
            <SIZE>349</SIZE>
            <FILE_TIME>2018-04-07 20:01:05.000000 -05:00</FILE_TIME>
            <INCIDENT_ID/>
        </FILE>
        <FILE>
            <FILE_NAME>alert014_30512.log</FILE_NAME>
            <LOCATION>&lt;ADR_HOME>/trace</LOCATION>
            <SIZE>349</SIZE>
            <FILE_TIME>2018-06-16 20:04:27.000000 -05:00</FILE_TIME>
            <INCIDENT_ID/>
        </FILE>
        <FILE>
            <FILE_NAME>alert011_5599.log</FILE_NAME>
            <LOCATION>&lt;ADR_HOME>/trace</LOCATION>
            <SIZE>349</SIZE>
            <FILE_TIME>2018-06-30 20:04:00.000000 -05:00</FILE_TIME>
            <INCIDENT_ID/>
        </FILE>
        <FILE>
            <FILE_NAME>alert013_10520.log</FILE_NAME>
            <LOCATION>&lt;ADR_HOME>/trace</LOCATION>
            <SIZE>349</SIZE>
            <FILE_TIME>2018-04-28 20:01:21.000000 -05:00</FILE_TIME>
            <INCIDENT_ID/>
        </FILE>
        <FILE>
            <FILE_NAME>alert012_20875.log</FILE_NAME>
            <LOCATION>&lt;ADR_HOME>/trace</LOCATION>
            <SIZE>349</SIZE>
            <FILE_TIME>2018-06-09 20:04:33.000000 -05:00</FILE_TIME>
            <INCIDENT_ID/>
        </FILE>
        <FILE>
            <FILE_NAME>alert010_23755.log</FILE_NAME>
            <LOCATION>&lt;ADR_HOME>/trace</LOCATION>
            <SIZE>1396</SIZE>
            <FILE_TIME>2018-02-16 09:34:57.000000 -05:00</FILE_TIME>
            <INCIDENT_ID/>
        </FILE>
        <FILE>
            <FILE_NAME>alert_PROD.log</FILE_NAME>
            <LOCATION>&lt;ADR_HOME>/trace</LOCATION>
            <SIZE>294521809</SIZE>
            <FILE_TIME>2019-07-30 04:33:03.000000 -05:00</FILE_TIME>
            <INCIDENT_ID/>
        </FILE>
        <FILE>
            <FILE_NAME>alert013_30745.log</FILE_NAME>
            <LOCATION>&lt;ADR_HOME>/trace</LOCATION>
            <SIZE>349</SIZE>
            <FILE_TIME>2018-04-14 20:01:05.000000 -05:00</FILE_TIME>
            <INCIDENT_ID/>
        </FILE>
        <FILE>
            <FILE_NAME>alert010_20871.log</FILE_NAME>
            <LOCATION>&lt;ADR_HOME>/trace</LOCATION>
            <SIZE>349</SIZE>
            <FILE_TIME>2018-06-09 20:04:33.000000 -05:00</FILE_TIME>
            <INCIDENT_ID/>
        </FILE>
        <FILE>
            <FILE_NAME>alert015_20930.log</FILE_NAME>
            <LOCATION>&lt;ADR_HOME>/trace</LOCATION>
            <SIZE>349</SIZE>
            <FILE_TIME>2018-03-24 20:01:17.000000 -05:00</FILE_TIME>
            <INCIDENT_ID/>
        </FILE>
        <FILE>
            <FILE_NAME>alert012_30508.log</FILE_NAME>
            <LOCATION>&lt;ADR_HOME>/trace</LOCATION>
            <SIZE>349</SIZE>
            <FILE_TIME>2018-06-16 20:04:27.000000 -05:00</FILE_TIME>
            <INCIDENT_ID/>
        </FILE>
        <FILE>
            <FILE_NAME>alert010_22047.log</FILE_NAME>
            <LOCATION>&lt;ADR_HOME>/trace</LOCATION>
            <SIZE>349</SIZE>
            <FILE_TIME>2018-04-21 20:01:24.000000 -05:00</FILE_TIME>
            <INCIDENT_ID/>
        </FILE>
        <FILE>
            <FILE_NAME>alert012_16204.log</FILE_NAME>
            <LOCATION>&lt;ADR_HOME>/trace</LOCATION>
            <SIZE>349</SIZE>
            <FILE_TIME>2018-07-07 20:03:56.000000 -05:00</FILE_TIME>
            <INCIDENT_ID/>
        </FILE>
        <FILE>
            <FILE_NAME>alert014_4917.log</FILE_NAME>
            <LOCATION>&lt;ADR_HOME>/trace</LOCATION>
            <SIZE>349</SIZE>
            <FILE_TIME>2018-05-26 20:04:02.000000 -05:00</FILE_TIME>
            <INCIDENT_ID/>
        </FILE>
        <FILE>
            <FILE_NAME>alert014_15638.log</FILE_NAME>
            <LOCATION>&lt;ADR_HOME>/trace</LOCATION>
            <SIZE>349</SIZE>
            <FILE_TIME>2018-03-17 20:01:44.000000 -05:00</FILE_TIME>
            <INCIDENT_ID/>
        </FILE>
        <FILE>
            <FILE_NAME>alert015_18379.log</FILE_NAME>
            <LOCATION>&lt;ADR_HOME>/trace</LOCATION>
            <SIZE>349</SIZE>
            <FILE_TIME>2018-06-23 20:03:23.000000 -05:00</FILE_TIME>
            <INCIDENT_ID/>
        </FILE>
        <FILE>
            <FILE_NAME>alert015_3761.log</FILE_NAME>
            <LOCATION>&lt;ADR_HOME>/trace</LOCATION>
            <SIZE>349</SIZE>
            <FILE_TIME>2018-02-17 21:01:18.000000 -05:00</FILE_TIME>
            <INCIDENT_ID/>
        </FILE>
        <FILE>
            <FILE_NAME>alert010_4909.log</FILE_NAME>
            <LOCATION>&lt;ADR_HOME>/trace</LOCATION>
            <SIZE>349</SIZE>
            <FILE_TIME>2018-05-26 20:04:02.000000 -05:00</FILE_TIME>
            <INCIDENT_ID/>
        </FILE>
        <FILE>
            <FILE_NAME>alert015_16210.log</FILE_NAME>
            <LOCATION>&lt;ADR_HOME>/trace</LOCATION>
            <SIZE>349</SIZE>
            <FILE_TIME>2018-07-07 20:03:56.000000 -05:00</FILE_TIME>
            <INCIDENT_ID/>
        </FILE>
        <FILE>
            <FILE_NAME>alert014_19595.log</FILE_NAME>
            <LOCATION>&lt;ADR_HOME>/trace</LOCATION>
            <SIZE>1047</SIZE>
            <FILE_TIME>2018-02-16 15:27:25.000000 -05:00</FILE_TIME>
            <INCIDENT_ID/>
        </FILE>
        <FILE>
            <FILE_NAME>alert011_4911.log</FILE_NAME>
            <LOCATION>&lt;ADR_HOME>/trace</LOCATION>
            <SIZE>349</SIZE>
            <FILE_TIME>2018-05-26 20:04:02.000000 -05:00</FILE_TIME>
            <INCIDENT_ID/>
        </FILE>
        <FILE>
            <FILE_NAME>alert015_10524.log</FILE_NAME>
            <LOCATION>&lt;ADR_HOME>/trace</LOCATION>
            <SIZE>349</SIZE>
            <FILE_TIME>2018-04-28 20:01:21.000000 -05:00</FILE_TIME>
            <INCIDENT_ID/>
        </FILE>
        <FILE>
            <FILE_NAME>alert013_19593.log</FILE_NAME>
            <LOCATION>&lt;ADR_HOME>/trace</LOCATION>
            <SIZE>1047</SIZE>
            <FILE_TIME>2018-02-16 15:27:25.000000 -05:00</FILE_TIME>
            <INCIDENT_ID/>
        </FILE>
        <FILE>
            <FILE_NAME>alert013_20926.log</FILE_NAME>
            <LOCATION>&lt;ADR_HOME>/trace</LOCATION>
            <SIZE>349</SIZE>
            <FILE_TIME>2018-03-24 20:01:17.000000 -05:00</FILE_TIME>
            <INCIDENT_ID/>
        </FILE>
        <FILE>
            <FILE_NAME>alert014_3759.log</FILE_NAME>
            <LOCATION>&lt;ADR_HOME>/trace</LOCATION>
            <SIZE>349</SIZE>
            <FILE_TIME>2018-02-17 21:01:18.000000 -05:00</FILE_TIME>
            <INCIDENT_ID/>
        </FILE>
        <FILE>
            <FILE_NAME>alert011_16202.log</FILE_NAME>
            <LOCATION>&lt;ADR_HOME>/trace</LOCATION>
            <SIZE>349</SIZE>
            <FILE_TIME>2018-07-07 20:03:56.000000 -05:00</FILE_TIME>
            <INCIDENT_ID/>
        </FILE>
        <FILE>
            <FILE_NAME>alert015_5607.log</FILE_NAME>
            <LOCATION>&lt;ADR_HOME>/trace</LOCATION>
            <SIZE>349</SIZE>
            <FILE_TIME>2018-06-30 20:04:00.000000 -05:00</FILE_TIME>
            <INCIDENT_ID/>
        </FILE>
        <FILE>
            <FILE_NAME>alert011_4162.log</FILE_NAME>
            <LOCATION>&lt;ADR_HOME>/trace</LOCATION>
            <SIZE>349</SIZE>
            <FILE_TIME>2018-03-10 21:01:18.000000 -05:00</FILE_TIME>
            <INCIDENT_ID/>
        </FILE>
        <FILE>
            <FILE_NAME>alert013_20877.log</FILE_NAME>
            <LOCATION>&lt;ADR_HOME>/trace</LOCATION>
            <SIZE>349</SIZE>
            <FILE_TIME>2018-06-09 20:04:33.000000 -05:00</FILE_TIME>
            <INCIDENT_ID/>
        </FILE>
        <FILE>
            <FILE_NAME>alert010_8094.log</FILE_NAME>
            <LOCATION>&lt;ADR_HOME>/trace</LOCATION>
            <SIZE>349</SIZE>
            <FILE_TIME>2018-05-12 20:03:58.000000 -05:00</FILE_TIME>
            <INCIDENT_ID/>
        </FILE>
        <FILE>
            <FILE_NAME>alert010_5597.log</FILE_NAME>
            <LOCATION>&lt;ADR_HOME>/trace</LOCATION>
            <SIZE>349</SIZE>
            <FILE_TIME>2018-06-30 20:04:00.000000 -05:00</FILE_TIME>
            <INCIDENT_ID/>
        </FILE>
        <FILE>
            <FILE_NAME>alert014_13794.log</FILE_NAME>
            <LOCATION>&lt;ADR_HOME>/trace</LOCATION>
            <SIZE>349</SIZE>
            <FILE_TIME>2018-02-16 22:00:11.000000 -05:00</FILE_TIME>
            <INCIDENT_ID/>
        </FILE>
        <FILE>
            <FILE_NAME>alert014_5605.log</FILE_NAME>
            <LOCATION>&lt;ADR_HOME>/trace</LOCATION>
            <SIZE>349</SIZE>
            <FILE_TIME>2018-06-30 20:04:00.000000 -05:00</FILE_TIME>
            <INCIDENT_ID/>
        </FILE>
        <FILE>
            <FILE_NAME>alert012_22051.log</FILE_NAME>
            <LOCATION>&lt;ADR_HOME>/trace</LOCATION>
            <SIZE>349</SIZE>
            <FILE_TIME>2018-04-21 20:01:24.000000 -05:00</FILE_TIME>
            <INCIDENT_ID/>
        </FILE>
        <FILE>
            <FILE_NAME>alert010_13786.log</FILE_NAME>
            <LOCATION>&lt;ADR_HOME>/trace</LOCATION>
            <SIZE>349</SIZE>
            <FILE_TIME>2018-02-16 22:00:11.000000 -05:00</FILE_TIME>
            <INCIDENT_ID/>
        </FILE>
        <FILE>
            <FILE_NAME>alert010_10514.log</FILE_NAME>
            <LOCATION>&lt;ADR_HOME>/trace</LOCATION>
            <SIZE>349</SIZE>
            <FILE_TIME>2018-04-28 20:01:21.000000 -05:00</FILE_TIME>
            <INCIDENT_ID/>
        </FILE>
        <FILE>
            <FILE_NAME>alert010_27556.log</FILE_NAME>
            <LOCATION>&lt;ADR_HOME>/trace</LOCATION>
            <SIZE>349</SIZE>
            <FILE_TIME>2018-03-31 20:01:20.000000 -05:00</FILE_TIME>
            <INCIDENT_ID/>
        </FILE>
        <FILE>
            <FILE_NAME>alert010_15410.log</FILE_NAME>
            <LOCATION>&lt;ADR_HOME>/trace</LOCATION>
            <SIZE>349</SIZE>
            <FILE_TIME>2018-03-03 21:02:18.000000 -05:00</FILE_TIME>
            <INCIDENT_ID/>
        </FILE>
        <FILE>
            <FILE_NAME>alert010_20920.log</FILE_NAME>
            <LOCATION>&lt;ADR_HOME>/trace</LOCATION>
            <SIZE>349</SIZE>
            <FILE_TIME>2018-03-24 20:01:17.000000 -05:00</FILE_TIME>
            <INCIDENT_ID/>
        </FILE>
        <FILE>
            <FILE_NAME>alert015_2653.log</FILE_NAME>
            <LOCATION>&lt;ADR_HOME>/trace</LOCATION>
            <SIZE>1396</SIZE>
            <FILE_TIME>2018-02-16 19:12:02.000000 -05:00</FILE_TIME>
            <INCIDENT_ID/>
        </FILE>
        <FILE>
            <FILE_NAME>alert014_16208.log</FILE_NAME>
            <LOCATION>&lt;ADR_HOME>/trace</LOCATION>
            <SIZE>349</SIZE>
            <FILE_TIME>2018-07-07 20:03:56.000000 -05:00</FILE_TIME>
            <INCIDENT_ID/>
        </FILE>
        <FILE>
            <FILE_NAME>alert013_18374.log</FILE_NAME>
            <LOCATION>&lt;ADR_HOME>/trace</LOCATION>
            <SIZE>349</SIZE>
            <FILE_TIME>2018-06-23 20:03:23.000000 -05:00</FILE_TIME>
            <INCIDENT_ID/>
        </FILE>
        <FILE>
            <FILE_NAME>alert010_6516.log</FILE_NAME>
            <LOCATION>&lt;ADR_HOME>/trace</LOCATION>
            <SIZE>349</SIZE>
            <FILE_TIME>2018-02-24 21:01:17.000000 -05:00</FILE_TIME>
            <INCIDENT_ID/>
        </FILE>
        <FILE>
            <FILE_NAME>alert011_20873.log</FILE_NAME>
            <LOCATION>&lt;ADR_HOME>/trace</LOCATION>
            <SIZE>349</SIZE>
            <FILE_TIME>2018-06-09 20:04:33.000000 -05:00</FILE_TIME>
            <INCIDENT_ID/>
        </FILE>
        <FILE>
            <FILE_NAME>alert014_20879.log</FILE_NAME>
            <LOCATION>&lt;ADR_HOME>/trace</LOCATION>
            <SIZE>349</SIZE>
            <FILE_TIME>2018-06-09 20:04:33.000000 -05:00</FILE_TIME>
            <INCIDENT_ID/>
        </FILE>
        <FILE>
            <FILE_NAME>alert010_20833.log</FILE_NAME>
            <LOCATION>&lt;ADR_HOME>/trace</LOCATION>
            <SIZE>349</SIZE>
            <FILE_TIME>2018-05-05 20:01:25.000000 -05:00</FILE_TIME>
            <INCIDENT_ID/>
        </FILE>
        <FILE>
            <FILE_NAME>alert013_27562.log</FILE_NAME>
            <LOCATION>&lt;ADR_HOME>/trace</LOCATION>
            <SIZE>349</SIZE>
            <FILE_TIME>2018-03-31 20:01:20.000000 -05:00</FILE_TIME>
            <INCIDENT_ID/>
        </FILE>
        <FILE>
            <FILE_NAME>alert010_4364.log</FILE_NAME>
            <LOCATION>&lt;ADR_HOME>/trace</LOCATION>
            <SIZE>349</SIZE>
            <FILE_TIME>2018-06-02 20:04:38.000000 -05:00</FILE_TIME>
            <INCIDENT_ID/>
        </FILE>
        <FILE>
            <FILE_NAME>alert013_16206.log</FILE_NAME>
            <LOCATION>&lt;ADR_HOME>/trace</LOCATION>
            <SIZE>349</SIZE>
            <FILE_TIME>2018-07-07 20:03:56.000000 -05:00</FILE_TIME>
            <INCIDENT_ID/>
        </FILE>
        <FILE>
            <FILE_NAME>alert013_15416.log</FILE_NAME>
            <LOCATION>&lt;ADR_HOME>/trace</LOCATION>
            <SIZE>349</SIZE>
            <FILE_TIME>2018-03-03 21:02:18.000000 -05:00</FILE_TIME>
            <INCIDENT_ID/>
        </FILE>
        <FILE>
            <FILE_NAME>alert012_4913.log</FILE_NAME>
            <LOCATION>&lt;ADR_HOME>/trace</LOCATION>
            <SIZE>349</SIZE>
            <FILE_TIME>2018-05-26 20:04:02.000000 -05:00</FILE_TIME>
            <INCIDENT_ID/>
        </FILE>
        <FILE>
            <FILE_NAME>alert012_2647.log</FILE_NAME>
            <LOCATION>&lt;ADR_HOME>/trace</LOCATION>
            <SIZE>1396</SIZE>
            <FILE_TIME>2018-02-16 19:12:02.000000 -05:00</FILE_TIME>
            <INCIDENT_ID/>
        </FILE>
        <FILE>
            <FILE_NAME>alert013_3757.log</FILE_NAME>
            <LOCATION>&lt;ADR_HOME>/trace</LOCATION>
            <SIZE>349</SIZE>
            <FILE_TIME>2018-02-17 21:01:18.000000 -05:00</FILE_TIME>
            <INCIDENT_ID/>
        </FILE>
        <FILE>
            <FILE_NAME>alert011_10516.log</FILE_NAME>
            <LOCATION>&lt;ADR_HOME>/trace</LOCATION>
            <SIZE>349</SIZE>
            <FILE_TIME>2018-04-28 20:01:21.000000 -05:00</FILE_TIME>
            <INCIDENT_ID/>
        </FILE>
        <FILE>
            <FILE_NAME>alert015_15420.log</FILE_NAME>
            <LOCATION>&lt;ADR_HOME>/trace</LOCATION>
            <SIZE>349</SIZE>
            <FILE_TIME>2018-03-03 21:02:18.000000 -05:00</FILE_TIME>
            <INCIDENT_ID/>
        </FILE>
        <FILE>
            <FILE_NAME>alert011_23757.log</FILE_NAME>
            <LOCATION>&lt;ADR_HOME>/trace</LOCATION>
            <SIZE>1396</SIZE>
            <FILE_TIME>2018-02-16 09:34:57.000000 -05:00</FILE_TIME>
            <INCIDENT_ID/>
        </FILE>
        <FILE>
            <FILE_NAME>alert013_6522.log</FILE_NAME>
            <LOCATION>&lt;ADR_HOME>/trace</LOCATION>
            <SIZE>349</SIZE>
            <FILE_TIME>2018-02-24 21:01:17.000000 -05:00</FILE_TIME>
            <INCIDENT_ID/>
        </FILE>
        <FILE>
            <FILE_NAME>alert015_6818.log</FILE_NAME>
            <LOCATION>&lt;ADR_HOME>/trace</LOCATION>
            <SIZE>349</SIZE>
            <FILE_TIME>2018-05-19 20:03:58.000000 -05:00</FILE_TIME>
            <INCIDENT_ID/>
        </FILE>
        <FILE>
            <FILE_NAME>alert013_13792.log</FILE_NAME>
            <LOCATION>&lt;ADR_HOME>/trace</LOCATION>
            <SIZE>349</SIZE>
            <FILE_TIME>2018-02-16 22:00:11.000000 -05:00</FILE_TIME>
            <INCIDENT_ID/>
        </FILE>
        <FILE>
            <FILE_NAME>alert015_20881.log</FILE_NAME>
            <LOCATION>&lt;ADR_HOME>/trace</LOCATION>
            <SIZE>349</SIZE>
            <FILE_TIME>2018-06-09 20:04:33.000000 -05:00</FILE_TIME>
            <INCIDENT_ID/>
        </FILE>
        <FILE>
            <FILE_NAME>alert014_4168.log</FILE_NAME>
            <LOCATION>&lt;ADR_HOME>/trace</LOCATION>
            <SIZE>349</SIZE>
            <FILE_TIME>2018-03-10 21:01:18.000000 -05:00</FILE_TIME>
            <INCIDENT_ID/>
        </FILE>
        <FILE>
            <FILE_NAME>alert011_30506.log</FILE_NAME>
            <LOCATION>&lt;ADR_HOME>/trace</LOCATION>
            <SIZE>349</SIZE>
            <FILE_TIME>2018-06-16 20:04:27.000000 -05:00</FILE_TIME>
            <INCIDENT_ID/>
        </FILE>
        <FILE>
            <FILE_NAME>alert013_5177.log</FILE_NAME>
            <LOCATION>&lt;ADR_HOME>/trace</LOCATION>
            <SIZE>349</SIZE>
            <FILE_TIME>2018-04-07 20:01:05.000000 -05:00</FILE_TIME>
            <INCIDENT_ID/>
        </FILE>
        <FILE>
            <FILE_NAME>alert011_15412.log</FILE_NAME>
            <LOCATION>&lt;ADR_HOME>/trace</LOCATION>
            <SIZE>349</SIZE>
            <FILE_TIME>2018-03-03 21:02:18.000000 -05:00</FILE_TIME>
            <INCIDENT_ID/>
        </FILE>
        <FILE>
            <FILE_NAME>alert011_18370.log</FILE_NAME>
            <LOCATION>&lt;ADR_HOME>/trace</LOCATION>
            <SIZE>349</SIZE>
            <FILE_TIME>2018-06-23 20:03:23.000000 -05:00</FILE_TIME>
            <INCIDENT_ID/>
        </FILE>
        <FILE>
            <FILE_NAME>alert015_30749.log</FILE_NAME>
            <LOCATION>&lt;ADR_HOME>/trace</LOCATION>
            <SIZE>349</SIZE>
            <FILE_TIME>2018-04-14 20:01:05.000000 -05:00</FILE_TIME>
            <INCIDENT_ID/>
        </FILE>
        <FILE>
            <FILE_NAME>alert010_30739.log</FILE_NAME>
            <LOCATION>&lt;ADR_HOME>/trace</LOCATION>
            <SIZE>349</SIZE>
            <FILE_TIME>2018-04-14 20:01:05.000000 -05:00</FILE_TIME>
            <INCIDENT_ID/>
        </FILE>
        <FILE>
            <FILE_NAME>alert014_30747.log</FILE_NAME>
            <LOCATION>&lt;ADR_HOME>/trace</LOCATION>
            <SIZE>349</SIZE>
            <FILE_TIME>2018-04-14 20:01:05.000000 -05:00</FILE_TIME>
            <INCIDENT_ID/>
        </FILE>
        <FILE>
            <FILE_NAME>alert010_30504.log</FILE_NAME>
            <LOCATION>&lt;ADR_HOME>/trace</LOCATION>
            <SIZE>349</SIZE>
            <FILE_TIME>2018-06-16 20:04:27.000000 -05:00</FILE_TIME>
            <INCIDENT_ID/>
        </FILE>
        <FILE>
            <FILE_NAME>alert014_20928.log</FILE_NAME>
            <LOCATION>&lt;ADR_HOME>/trace</LOCATION>
            <SIZE>349</SIZE>
            <FILE_TIME>2018-03-24 20:01:17.000000 -05:00</FILE_TIME>
            <INCIDENT_ID/>
        </FILE>
        <FILE>
            <FILE_NAME>alert013_4370.log</FILE_NAME>
            <LOCATION>&lt;ADR_HOME>/trace</LOCATION>
            <SIZE>349</SIZE>
            <FILE_TIME>2018-06-02 20:04:38.000000 -05:00</FILE_TIME>
            <INCIDENT_ID/>
        </FILE>
        <FILE>
            <FILE_NAME>alert015_5181.log</FILE_NAME>
            <LOCATION>&lt;ADR_HOME>/trace</LOCATION>
            <SIZE>349</SIZE>
            <FILE_TIME>2018-04-07 20:01:05.000000 -05:00</FILE_TIME>
            <INCIDENT_ID/>
        </FILE>
        <FILE>
            <FILE_NAME>alert011_19589.log</FILE_NAME>
            <LOCATION>&lt;ADR_HOME>/trace</LOCATION>
            <SIZE>1047</SIZE>
            <FILE_TIME>2018-02-16 15:27:25.000000 -05:00</FILE_TIME>
            <INCIDENT_ID/>
        </FILE>
        <FILE>
            <FILE_NAME>alert011_8096.log</FILE_NAME>
            <LOCATION>&lt;ADR_HOME>/trace</LOCATION>
            <SIZE>349</SIZE>
            <FILE_TIME>2018-05-12 20:03:58.000000 -05:00</FILE_TIME>
            <INCIDENT_ID/>
        </FILE>
        <FILE>
            <FILE_NAME>alert014_18377.log</FILE_NAME>
            <LOCATION>&lt;ADR_HOME>/trace</LOCATION>
            <SIZE>349</SIZE>
            <FILE_TIME>2018-06-23 20:03:23.000000 -05:00</FILE_TIME>
            <INCIDENT_ID/>
        </FILE>
        <FILE>
            <FILE_NAME>alert012_3755.log</FILE_NAME>
            <LOCATION>&lt;ADR_HOME>/trace</LOCATION>
            <SIZE>349</SIZE>
            <FILE_TIME>2018-02-17 21:01:18.000000 -05:00</FILE_TIME>
            <INCIDENT_ID/>
        </FILE>
        <FILE>
            <FILE_NAME>alert015_22058.log</FILE_NAME>
            <LOCATION>&lt;ADR_HOME>/trace</LOCATION>
            <SIZE>349</SIZE>
            <FILE_TIME>2018-04-21 20:01:24.000000 -05:00</FILE_TIME>
            <INCIDENT_ID/>
        </FILE>
        <FILE>
            <FILE_NAME>alert011_5173.log</FILE_NAME>
            <LOCATION>&lt;ADR_HOME>/trace</LOCATION>
            <SIZE>349</SIZE>
            <FILE_TIME>2018-04-07 20:01:05.000000 -05:00</FILE_TIME>
            <INCIDENT_ID/>
        </FILE>
        <FILE>
            <FILE_NAME>alert011_13788.log</FILE_NAME>
            <LOCATION>&lt;ADR_HOME>/trace</LOCATION>
            <SIZE>349</SIZE>
            <FILE_TIME>2018-02-16 22:00:11.000000 -05:00</FILE_TIME>
            <INCIDENT_ID/>
        </FILE>
        <FILE>
            <FILE_NAME>alert014_20841.log</FILE_NAME>
            <LOCATION>&lt;ADR_HOME>/trace</LOCATION>
            <SIZE>349</SIZE>
            <FILE_TIME>2018-05-05 20:01:25.000000 -05:00</FILE_TIME>
            <INCIDENT_ID/>
        </FILE>
        <FILE>
            <FILE_NAME>alert015_15640.log</FILE_NAME>
            <LOCATION>&lt;ADR_HOME>/trace</LOCATION>
            <SIZE>349</SIZE>
            <FILE_TIME>2018-03-17 20:01:44.000000 -05:00</FILE_TIME>
            <INCIDENT_ID/>
        </FILE>
        <FILE>
            <FILE_NAME>alert013_4166.log</FILE_NAME>
            <LOCATION>&lt;ADR_HOME>/trace</LOCATION>
            <SIZE>349</SIZE>
            <FILE_TIME>2018-03-10 21:01:18.000000 -05:00</FILE_TIME>
            <INCIDENT_ID/>
        </FILE>
        <FILE>
            <FILE_NAME>alert011_30741.log</FILE_NAME>
            <LOCATION>&lt;ADR_HOME>/trace</LOCATION>
            <SIZE>349</SIZE>
            <FILE_TIME>2018-04-14 20:01:05.000000 -05:00</FILE_TIME>
            <INCIDENT_ID/>
        </FILE>
        <FILE>
            <FILE_NAME>alert011_2645.log</FILE_NAME>
            <LOCATION>&lt;ADR_HOME>/trace</LOCATION>
            <SIZE>1396</SIZE>
            <FILE_TIME>2018-02-16 19:12:02.000000 -05:00</FILE_TIME>
            <INCIDENT_ID/>
        </FILE>
        <FILE>
            <FILE_NAME>alert014_23763.log</FILE_NAME>
            <LOCATION>&lt;ADR_HOME>/trace</LOCATION>
            <SIZE>1396</SIZE>
            <FILE_TIME>2018-02-16 09:34:58.000000 -05:00</FILE_TIME>
            <INCIDENT_ID/>
        </FILE>
        <FILE>
            <FILE_NAME>alert015_27566.log</FILE_NAME>
            <LOCATION>&lt;ADR_HOME>/trace</LOCATION>
            <SIZE>349</SIZE>
            <FILE_TIME>2018-03-31 20:01:20.000000 -05:00</FILE_TIME>
            <INCIDENT_ID/>
        </FILE>
        <FILE>
            <FILE_NAME>alert013_15636.log</FILE_NAME>
            <LOCATION>&lt;ADR_HOME>/trace</LOCATION>
            <SIZE>349</SIZE>
            <FILE_TIME>2018-03-17 20:01:44.000000 -05:00</FILE_TIME>
            <INCIDENT_ID/>
        </FILE>
        <FILE>
            <FILE_NAME>alert010_16200.log</FILE_NAME>
            <LOCATION>&lt;ADR_HOME>/trace</LOCATION>
            <SIZE>349</SIZE>
            <FILE_TIME>2018-07-07 20:03:56.000000 -05:00</FILE_TIME>
            <INCIDENT_ID/>
        </FILE>
        <FILE>
            <FILE_NAME>alert010_18368.log</FILE_NAME>
            <LOCATION>&lt;ADR_HOME>/trace</LOCATION>
            <SIZE>349</SIZE>
            <FILE_TIME>2018-06-23 20:03:23.000000 -05:00</FILE_TIME>
            <INCIDENT_ID/>
        </FILE>
        <FILE>
            <FILE_NAME>alert011_20922.log</FILE_NAME>
            <LOCATION>&lt;ADR_HOME>/trace</LOCATION>
            <SIZE>349</SIZE>
            <FILE_TIME>2018-03-24 20:01:17.000000 -05:00</FILE_TIME>
            <INCIDENT_ID/>
        </FILE>
        <FILE>
            <FILE_NAME>alert014_5179.log</FILE_NAME>
            <LOCATION>&lt;ADR_HOME>/trace</LOCATION>
            <SIZE>349</SIZE>
            <FILE_TIME>2018-04-07 20:01:05.000000 -05:00</FILE_TIME>
            <INCIDENT_ID/>
        </FILE>
        <FILE>
            <FILE_NAME>alert011_15632.log</FILE_NAME>
            <LOCATION>&lt;ADR_HOME>/trace</LOCATION>
            <SIZE>349</SIZE>
            <FILE_TIME>2018-03-17 20:01:44.000000 -05:00</FILE_TIME>
            <INCIDENT_ID/>
        </FILE>
        <FILE>
            <FILE_NAME>alert014_2651.log</FILE_NAME>
            <LOCATION>&lt;ADR_HOME>/trace</LOCATION>
            <SIZE>1396</SIZE>
            <FILE_TIME>2018-02-16 19:12:02.000000 -05:00</FILE_TIME>
            <INCIDENT_ID/>
        </FILE>
        <FILE>
            <FILE_NAME>alert012_5175.log</FILE_NAME>
            <LOCATION>&lt;ADR_HOME>/trace</LOCATION>
            <SIZE>349</SIZE>
            <FILE_TIME>2018-04-07 20:01:05.000000 -05:00</FILE_TIME>
            <INCIDENT_ID/>
        </FILE>
        <FILE>
            <FILE_NAME>alert012_15414.log</FILE_NAME>
            <LOCATION>&lt;ADR_HOME>/trace</LOCATION>
            <SIZE>349</SIZE>
            <FILE_TIME>2018-03-03 21:02:18.000000 -05:00</FILE_TIME>
            <INCIDENT_ID/>
        </FILE>
        <FILE>
            <FILE_NAME>alert010_4160.log</FILE_NAME>
            <LOCATION>&lt;ADR_HOME>/trace</LOCATION>
            <SIZE>349</SIZE>
            <FILE_TIME>2018-03-10 21:01:18.000000 -05:00</FILE_TIME>
            <INCIDENT_ID/>
        </FILE>
        <FILE>
            <FILE_NAME>alert015_20843.log</FILE_NAME>
            <LOCATION>&lt;ADR_HOME>/trace</LOCATION>
            <SIZE>349</SIZE>
            <FILE_TIME>2018-05-05 20:01:25.000000 -05:00</FILE_TIME>
            <INCIDENT_ID/>
        </FILE>
        <FILE>
            <FILE_NAME>alert012_4164.log</FILE_NAME>
            <LOCATION>&lt;ADR_HOME>/trace</LOCATION>
            <SIZE>349</SIZE>
            <FILE_TIME>2018-03-10 21:01:18.000000 -05:00</FILE_TIME>
            <INCIDENT_ID/>
        </FILE>
        <FILE>
            <FILE_NAME>alert012_20837.log</FILE_NAME>
            <LOCATION>&lt;ADR_HOME>/trace</LOCATION>
            <SIZE>349</SIZE>
            <FILE_TIME>2018-05-05 20:01:25.000000 -05:00</FILE_TIME>
            <INCIDENT_ID/>
        </FILE>
        <FILE>
            <FILE_NAME>alert012_6812.log</FILE_NAME>
            <LOCATION>&lt;ADR_HOME>/trace</LOCATION>
            <SIZE>349</SIZE>
            <FILE_TIME>2018-05-19 20:03:58.000000 -05:00</FILE_TIME>
            <INCIDENT_ID/>
        </FILE>
        <FILE>
            <FILE_NAME>alert012_30743.log</FILE_NAME>
            <LOCATION>&lt;ADR_HOME>/trace</LOCATION>
            <SIZE>349</SIZE>
            <FILE_TIME>2018-04-14 20:01:05.000000 -05:00</FILE_TIME>
            <INCIDENT_ID/>
        </FILE>
        <FILE>
            <FILE_NAME>alert013_30510.log</FILE_NAME>
            <LOCATION>&lt;ADR_HOME>/trace</LOCATION>
            <SIZE>349</SIZE>
            <FILE_TIME>2018-06-16 20:04:27.000000 -05:00</FILE_TIME>
            <INCIDENT_ID/>
        </FILE>
        <FILE>
            <FILE_NAME>alert014_4372.log</FILE_NAME>
            <LOCATION>&lt;ADR_HOME>/trace</LOCATION>
            <SIZE>349</SIZE>
            <FILE_TIME>2018-06-02 20:04:38.000000 -05:00</FILE_TIME>
            <INCIDENT_ID/>
        </FILE>
        <FILE>
            <FILE_NAME>alert012_18372.log</FILE_NAME>
            <LOCATION>&lt;ADR_HOME>/trace</LOCATION>
            <SIZE>349</SIZE>
            <FILE_TIME>2018-06-23 20:03:23.000000 -05:00</FILE_TIME>
            <INCIDENT_ID/>
        </FILE>
        <FILE>
            <FILE_NAME>alert010_15630.log</FILE_NAME>
            <LOCATION>&lt;ADR_HOME>/trace</LOCATION>
            <SIZE>349</SIZE>
            <FILE_TIME>2018-03-17 20:01:44.000000 -05:00</FILE_TIME>
            <INCIDENT_ID/>
        </FILE>
        <FILE>
            <FILE_NAME>alert010_19587.log</FILE_NAME>
            <LOCATION>&lt;ADR_HOME>/trace</LOCATION>
            <SIZE>1047</SIZE>
            <FILE_TIME>2018-02-16 15:27:25.000000 -05:00</FILE_TIME>
            <INCIDENT_ID/>
        </FILE>
        <FILE>
            <FILE_NAME>alert015_23765.log</FILE_NAME>
            <LOCATION>&lt;ADR_HOME>/trace</LOCATION>
            <SIZE>1396</SIZE>
            <FILE_TIME>2018-02-16 09:34:57.000000 -05:00</FILE_TIME>
            <INCIDENT_ID/>
        </FILE>
        <FILE>
            <FILE_NAME>alert013_2649.log</FILE_NAME>
            <LOCATION>&lt;ADR_HOME>/trace</LOCATION>
            <SIZE>1396</SIZE>
            <FILE_TIME>2018-02-16 19:12:02.000000 -05:00</FILE_TIME>
            <INCIDENT_ID/>
        </FILE>
        <FILE>
            <FILE_NAME>alert012_10518.log</FILE_NAME>
            <LOCATION>&lt;ADR_HOME>/trace</LOCATION>
            <SIZE>349</SIZE>
            <FILE_TIME>2018-04-28 20:01:21.000000 -05:00</FILE_TIME>
            <INCIDENT_ID/>
        </FILE>
        <FILE>
            <FILE_NAME>alert012_15634.log</FILE_NAME>
            <LOCATION>&lt;ADR_HOME>/trace</LOCATION>
            <SIZE>349</SIZE>
            <FILE_TIME>2018-03-17 20:01:44.000000 -05:00</FILE_TIME>
            <INCIDENT_ID/>
        </FILE>
        <FILE>
            <FILE_NAME>alert015_6526.log</FILE_NAME>
            <LOCATION>&lt;ADR_HOME>/trace</LOCATION>
            <SIZE>349</SIZE>
            <FILE_TIME>2018-02-24 21:01:17.000000 -05:00</FILE_TIME>
            <INCIDENT_ID/>
        </FILE>
        <FILE>
            <FILE_NAME>alert013_23761.log</FILE_NAME>
            <LOCATION>&lt;ADR_HOME>/trace</LOCATION>
            <SIZE>1396</SIZE>
            <FILE_TIME>2018-02-16 09:34:57.000000 -05:00</FILE_TIME>
            <INCIDENT_ID/>
        </FILE>
        <FILE>
            <FILE_NAME>PROD_ora_75583.trc</FILE_NAME>
            <LOCATION>&lt;ADR_HOME>/trace</LOCATION>
            <SIZE>100575</SIZE>
            <FILE_TIME>2019-07-30 04:33:37.000000 -05:00</FILE_TIME>
            <INCIDENT_ID/>
        </FILE>
        <FILE>
            <FILE_NAME>PROD_ora_59651.trc</FILE_NAME>
            <LOCATION>&lt;ADR_HOME>/trace</LOCATION>
            <SIZE>1096</SIZE>
            <FILE_TIME>2019-07-29 16:36:39.000000 -05:00</FILE_TIME>
            <INCIDENT_ID/>
        </FILE>
        <FILE>
            <FILE_NAME>PROD_ora_57366.trc</FILE_NAME>
            <LOCATION>&lt;ADR_HOME>/trace</LOCATION>
            <SIZE>0</SIZE>
            <FILE_TIME>2019-07-30 02:56:01.000000 -05:00</FILE_TIME>
            <INCIDENT_ID/>
        </FILE>
        <FILE>
            <FILE_NAME>PROD_tt01_43862.trc</FILE_NAME>
            <LOCATION>&lt;ADR_HOME>/trace</LOCATION>
            <SIZE>5999</SIZE>
            <FILE_TIME>2019-07-30 02:55:41.000000 -05:00</FILE_TIME>
            <INCIDENT_ID/>
        </FILE>
        <FILE>
            <FILE_NAME>PROD_cjq0_43885.trc</FILE_NAME>
            <LOCATION>&lt;ADR_HOME>/trace</LOCATION>
            <SIZE>1995</SIZE>
            <FILE_TIME>2019-07-30 01:00:00.000000 -05:00</FILE_TIME>
            <INCIDENT_ID/>
        </FILE>
        <FILE>
            <FILE_NAME>PROD_dbrm_43800.trc</FILE_NAME>
            <LOCATION>&lt;ADR_HOME>/trace</LOCATION>
            <SIZE>264918</SIZE>
            <FILE_TIME>2019-07-30 04:30:59.000000 -05:00</FILE_TIME>
            <INCIDENT_ID/>
        </FILE>
        <FILE>
            <FILE_NAME>PROD_ora_56005.trc</FILE_NAME>
            <LOCATION>&lt;ADR_HOME>/trace</LOCATION>
            <SIZE>1233</SIZE>
            <FILE_TIME>2019-07-30 02:52:17.000000 -05:00</FILE_TIME>
            <INCIDENT_ID/>
        </FILE>
        <FILE>
            <FILE_NAME>PROD_ora_56981.trc</FILE_NAME>
            <LOCATION>&lt;ADR_HOME>/trace</LOCATION>
            <SIZE>1400</SIZE>
            <FILE_TIME>2019-07-29 16:34:08.000000 -05:00</FILE_TIME>
            <INCIDENT_ID/>
        </FILE>
        <FILE>
            <FILE_NAME>PROD_dbw1_43812.trc</FILE_NAME>
            <LOCATION>&lt;ADR_HOME>/trace</LOCATION>
            <SIZE>24504</SIZE>
            <FILE_TIME>2019-07-30 03:51:04.000000 -05:00</FILE_TIME>
            <INCIDENT_ID/>
        </FILE>
        <FILE>
            <FILE_NAME>PROD_lgwr_43814.trc</FILE_NAME>
            <LOCATION>&lt;ADR_HOME>/trace</LOCATION>
            <SIZE>23704</SIZE>
            <FILE_TIME>2019-07-30 04:18:01.000000 -05:00</FILE_TIME>
            <INCIDENT_ID/>
        </FILE>
        <FILE>
            <FILE_NAME>log.xml</FILE_NAME>
            <LOCATION>&lt;ADR_HOME>/log/debug</LOCATION>
            <SIZE>13568</SIZE>
            <FILE_TIME>2019-07-29 16:37:18.000000 -05:00</FILE_TIME>
            <INCIDENT_ID/>
        </FILE>
        <FILE>
            <FILE_NAME>IPS_CONFIGURATION.dmp</FILE_NAME>
            <LOCATION>&lt;ADR_HOME>/incpkg/pkg_2/seq_1/export</LOCATION>
            <SIZE>2930</SIZE>
            <FILE_TIME>2019-07-30 04:33:28.000000 -05:00</FILE_TIME>
            <INCIDENT_ID/>
        </FILE>
        <FILE>
            <FILE_NAME>IPS_PACKAGE.dmp</FILE_NAME>
            <LOCATION>&lt;ADR_HOME>/incpkg/pkg_2/seq_1/export</LOCATION>
            <SIZE>476</SIZE>
            <FILE_TIME>2019-07-30 04:33:28.000000 -05:00</FILE_TIME>
            <INCIDENT_ID/>
        </FILE>
        <FILE>
            <FILE_NAME>IPS_PACKAGE_INCIDENT.dmp</FILE_NAME>
            <LOCATION>&lt;ADR_HOME>/incpkg/pkg_2/seq_1/export</LOCATION>
            <SIZE>319</SIZE>
            <FILE_TIME>2019-07-30 04:33:28.000000 -05:00</FILE_TIME>
            <INCIDENT_ID/>
        </FILE>
        <FILE>
            <FILE_NAME>IPS_PACKAGE_FILE.dmp</FILE_NAME>
            <LOCATION>&lt;ADR_HOME>/incpkg/pkg_2/seq_1/export</LOCATION>
            <SIZE>16870</SIZE>
            <FILE_TIME>2019-07-30 04:33:41.000000 -05:00</FILE_TIME>
            <INCIDENT_ID/>
        </FILE>
        <FILE>
            <FILE_NAME>IPS_PACKAGE_HISTORY.dmp</FILE_NAME>
            <LOCATION>&lt;ADR_HOME>/incpkg/pkg_2/seq_1/export</LOCATION>
            <SIZE>280</SIZE>
            <FILE_TIME>2019-07-30 04:33:28.000000 -05:00</FILE_TIME>
            <INCIDENT_ID/>
        </FILE>
        <FILE>
            <FILE_NAME>IPS_FILE_METADATA.dmp</FILE_NAME>
            <LOCATION>&lt;ADR_HOME>/incpkg/pkg_2/seq_1/export</LOCATION>
            <SIZE>41021</SIZE>
            <FILE_TIME>2019-07-30 04:33:41.000000 -05:00</FILE_TIME>
            <INCIDENT_ID/>
        </FILE>
        <FILE>
            <FILE_NAME>IPS_FILE_COPY_LOG.dmp</FILE_NAME>
            <LOCATION>&lt;ADR_HOME>/incpkg/pkg_2/seq_1/export</LOCATION>
            <SIZE>214</SIZE>
            <FILE_TIME>2019-07-30 04:33:42.000000 -05:00</FILE_TIME>
            <INCIDENT_ID/>
        </FILE>
        <FILE>
            <FILE_NAME>DDE_USER_ACTION_DEF.dmp</FILE_NAME>
            <LOCATION>&lt;ADR_HOME>/incpkg/pkg_2/seq_1/export</LOCATION>
            <SIZE>908</SIZE>
            <FILE_TIME>2019-07-30 04:33:29.000000 -05:00</FILE_TIME>
            <INCIDENT_ID/>
        </FILE>
        <FILE>
            <FILE_NAME>DDE_USER_ACTION_PARAMETER_DEF.dmp</FILE_NAME>
            <LOCATION>&lt;ADR_HOME>/incpkg/pkg_2/seq_1/export</LOCATION>
            <SIZE>708</SIZE>
            <FILE_TIME>2019-07-30 04:33:29.000000 -05:00</FILE_TIME>
            <INCIDENT_ID/>
        </FILE>
        <FILE>
            <FILE_NAME>DDE_USER_ACTION.dmp</FILE_NAME>
            <LOCATION>&lt;ADR_HOME>/incpkg/pkg_2/seq_1/export</LOCATION>
            <SIZE>364</SIZE>
            <FILE_TIME>2019-07-30 04:33:29.000000 -05:00</FILE_TIME>
            <INCIDENT_ID/>
        </FILE>
        <FILE>
            <FILE_NAME>DDE_USER_ACTION_PARAMETER.dmp</FILE_NAME>
            <LOCATION>&lt;ADR_HOME>/incpkg/pkg_2/seq_1/export</LOCATION>
            <SIZE>402</SIZE>
            <FILE_TIME>2019-07-30 04:33:29.000000 -05:00</FILE_TIME>
            <INCIDENT_ID/>
        </FILE>
        <FILE>
            <FILE_NAME>DDE_USER_INCIDENT_TYPE.dmp</FILE_NAME>
            <LOCATION>&lt;ADR_HOME>/incpkg/pkg_2/seq_1/export</LOCATION>
            <SIZE>353</SIZE>
            <FILE_TIME>2019-07-30 04:33:29.000000 -05:00</FILE_TIME>
            <INCIDENT_ID/>
        </FILE>
        <FILE>
            <FILE_NAME>DDE_USER_INCIDENT_ACTION_MAP.dmp</FILE_NAME>
            <LOCATION>&lt;ADR_HOME>/incpkg/pkg_2/seq_1/export</LOCATION>
            <SIZE>166</SIZE>
            <FILE_TIME>2019-07-30 04:33:29.000000 -05:00</FILE_TIME>
            <INCIDENT_ID/>
        </FILE>
        <FILE>
            <FILE_NAME>INCIDENT.dmp</FILE_NAME>
            <LOCATION>&lt;ADR_HOME>/incpkg/pkg_2/seq_1/export</LOCATION>
            <SIZE>2931</SIZE>
            <FILE_TIME>2019-07-30 04:33:29.000000 -05:00</FILE_TIME>
            <INCIDENT_ID/>
        </FILE>
        <FILE>
            <FILE_NAME>INCCKEY.dmp</FILE_NAME>
            <LOCATION>&lt;ADR_HOME>/incpkg/pkg_2/seq_1/export</LOCATION>
            <SIZE>4615</SIZE>
            <FILE_TIME>2019-07-30 04:33:29.000000 -05:00</FILE_TIME>
            <INCIDENT_ID/>
        </FILE>
        <FILE>
            <FILE_NAME>INCIDENT_FILE.dmp</FILE_NAME>
            <LOCATION>&lt;ADR_HOME>/incpkg/pkg_2/seq_1/export</LOCATION>
            <SIZE>1178</SIZE>
            <FILE_TIME>2019-07-30 04:33:29.000000 -05:00</FILE_TIME>
            <INCIDENT_ID/>
        </FILE>
        <FILE>
            <FILE_NAME>PROBLEM.dmp</FILE_NAME>
            <LOCATION>&lt;ADR_HOME>/incpkg/pkg_2/seq_1/export</LOCATION>
            <SIZE>444</SIZE>
            <FILE_TIME>2019-07-30 04:33:29.000000 -05:00</FILE_TIME>
            <INCIDENT_ID/>
        </FILE>
        <FILE>
            <FILE_NAME>HM_RUN.dmp</FILE_NAME>
            <LOCATION>&lt;ADR_HOME>/incpkg/pkg_2/seq_1/export</LOCATION>
            <SIZE>399</SIZE>
            <FILE_TIME>2019-07-30 04:33:32.000000 -05:00</FILE_TIME>
            <INCIDENT_ID/>
        </FILE>
        <FILE>
            <FILE_NAME>EM_USER_ACTIVITY.dmp</FILE_NAME>
            <LOCATION>&lt;ADR_HOME>/incpkg/pkg_2/seq_1/export</LOCATION>
            <SIZE>207</SIZE>
            <FILE_TIME>2019-07-30 04:33:32.000000 -05:00</FILE_TIME>
            <INCIDENT_ID/>
        </FILE>
        <FILE>
            <FILE_NAME>config.xml</FILE_NAME>
            <LOCATION>&lt;ADR_HOME>/incpkg/pkg_2/seq_1</LOCATION>
            <SIZE>149271</SIZE>
            <FILE_TIME>2019-07-30 04:33:33.000000 -05:00</FILE_TIME>
            <INCIDENT_ID/>
        </FILE>
        <FILE>
            <FILE_NAME>opatch.log</FILE_NAME>
            <LOCATION>&lt;ADR_HOME>/incpkg/pkg_2/seq_1/opatch</LOCATION>
            <SIZE>846</SIZE>
            <FILE_TIME>2019-07-30 04:33:40.000000 -05:00</FILE_TIME>
            <INCIDENT_ID/>
        </FILE>
        <FILE>
            <FILE_NAME>opatch.xml</FILE_NAME>
            <LOCATION>&lt;ADR_HOME>/incpkg/pkg_2/seq_1/opatch</LOCATION>
            <SIZE>923654</SIZE>
            <FILE_TIME>2019-07-30 04:33:40.000000 -05:00</FILE_TIME>
            <INCIDENT_ID/>
        </FILE>
        <FILE>
            <FILE_NAME>metadata.xml</FILE_NAME>
            <LOCATION>&lt;ADR_HOME>/incpkg/pkg_2/seq_1</LOCATION>
            <SIZE>552</SIZE>
            <FILE_TIME>2019-07-30 04:33:42.000000 -05:00</FILE_TIME>
            <INCIDENT_ID/>
        </FILE>
    </FILES>
</MANIFEST>
