<?xml version="1.0" encoding="UTF-8" standalone="yes"?>
<component-def xmlns="http://xmlns.oracle.com/cie/gdr/cpd" name="oracle.org.bouncycastle" version="12.2.1.3.0" description="BouncyCastle" gdr-version="1.8.2.0" groupId="com.oracle.weblogic" xmlns:ns2="http://xmlns.oracle.com/cie/stringsubs">
  <file-map symbol="wls.common.symbol" source="filegroup1.jar" expanded="true" patch="22640288">
    <exclude regex="\.ade_path" match-dirs="true"/>
    <file source="modules/org.bouncycastle.bcprov-jdk15on.jar" dest="modules/org.bouncycastle.bcprov-jdk15on.jar" mode="640" action="replacement"/>
    <file source="modules/org.bouncycastle.bcprov-ext-jdk15on.jar" dest="modules/org.bouncycastle.bcprov-ext-jdk15on.jar" mode="640" action="replacement"/>
    <file source="modules/org.bouncycastle.bcpkix-jdk15on.jar" dest="modules/org.bouncycastle.bcpkix-jdk15on.jar" mode="640" action="replacement"/>
    <file-perms>
      <permission mode="750" regex=".*" match-dirs="true"/>
    </file-perms>
  </file-map>
  <libraries/>
</component-def>
