<?xml version="1.0" encoding="US-ASCII"?>
<PACKAGE>
    <PACKAGE_ID>1</PACKAGE_ID>
    <PACKAGE_NAME>ORA600kkq_20190730052830</PACKAGE_NAME>
    <MODE>Complete</MODE>
    <SEQUENCE>1</SEQUENCE>
    <LAST_COMPLETE>1</LAST_COMPLETE>
    <DATE>2019-07-30 05:31:48.892309 -04:00</DATE>
    <ADR_BASE>/u01/app/oracle</ADR_BASE>
    <ADR_HOME>/u01/app/oracle/diag/rdbms/prod/PROD</ADR_HOME>
    <PROD_NAME>rdbms</PROD_NAME>
    <PROD_ID>prod</PROD_ID>
    <INST_ID>PROD</INST_ID>
    <OCM_GUID/>
    <OCM_ANNOTATION/>
    <FINALIZED>1</FINALIZED>
</PACKAGE>
